customer_id,customer_segment,current_plan,current_plan_cost,call_minutes,sms_count,data_gb,roaming_mins,recommendation_rank,recommended_plan,recommended_cost,potential_savings,savings_percentage
C1,Moderate Users,Plan7,1155.34,1426,333,23.12,93,1,Plan1,676.32,479.01999999999987,41.46138798968268
C1,Moderate Users,Plan7,1155.34,1426,333,23.12,93,2,Plan9,884.2800000000001,271.05999999999983,23.461491855211438
C1,Moderate Users,Plan7,1155.34,1426,333,23.12,93,3,Plan4,1085.0800000000002,70.25999999999976,6.0813267090207015
C2,Low Usage,Plan1,886.06,1370,27,42.78,61,1,Plan1,886.06,0.0,0.0
C2,Low Usage,Plan1,886.06,1370,27,42.78,61,2,Plan7,1060.96,-174.9000000000001,-19.7390695889669
C2,Low Usage,Plan1,886.06,1370,27,42.78,61,3,Plan4,1656.44,-770.3800000000001,-86.94445071439858
C3,Heavy Voice Users,Plan4,944.2400000000001,1589,172,1.31,114,1,Plan1,385.10999999999996,559.1300000000001,59.214818266542416
C3,Heavy Voice Users,Plan4,944.2400000000001,1589,172,1.31,114,2,Plan9,712.12,232.12000000000012,24.58273320342287
C3,Heavy Voice Users,Plan4,944.2400000000001,1589,172,1.31,114,3,Plan5,803.5600000000001,140.68000000000006,14.898754553926974
C4,Heavy Voice Users,Plan3,1852.8400000000001,1097,115,31.22,85,1,Plan1,753.0600000000001,1099.7800000000002,59.356447399667545
C4,Heavy Voice Users,Plan3,1852.8400000000001,1097,115,31.22,85,2,Plan7,904.0899999999999,948.7500000000002,51.20517691759679
C4,Heavy Voice Users,Plan3,1852.8400000000001,1097,115,31.22,85,3,Plan4,1203.2499999999998,649.5900000000004,35.05915243626003
C5,Heavy Voice Users,Plan9,835.7,1916,177,1.83,121,1,Plan1,404.83000000000004,430.87,51.55797535000598
C5,Heavy Voice Users,Plan9,835.7,1916,177,1.83,121,2,Plan9,835.7,0.0,0.0
C5,Heavy Voice Users,Plan9,835.7,1916,177,1.83,121,3,Plan8,882.92,-47.219999999999914,-5.650352997487126
C6,Data-Heavy Users,Plan1,889.65,1728,375,40.01,40,1,Plan1,889.65,0.0,0.0
C6,Data-Heavy Users,Plan1,889.65,1728,375,40.01,40,2,Plan7,1339.9300000000003,-450.2800000000003,-50.61316247962686
C6,Data-Heavy Users,Plan1,889.65,1728,375,40.01,40,3,Plan4,1768.8700000000001,-879.2200000000001,-98.82762884280338
C7,Low Usage,Plan7,585.31,214,37,20.39,137,1,Plan10,478.6,106.70999999999992,18.23136457603662
C7,Low Usage,Plan7,585.31,214,37,20.39,137,2,Plan2,497.16,88.14999999999992,15.060395346055925
C7,Low Usage,Plan7,585.31,214,37,20.39,137,3,Plan9,579.72,5.589999999999918,0.9550494609693869
C8,Low Usage,Plan7,608.62,302,142,48.86,174,1,Plan7,608.62,0.0,0.0
C8,Low Usage,Plan7,608.62,302,142,48.86,174,2,Plan1,1046.46,-437.84000000000003,-71.93979823206598
C8,Low Usage,Plan7,608.62,302,142,48.86,174,3,Plan10,1642.9799999999998,-1034.3599999999997,-169.95169399625377
C9,Moderate Users,Plan2,1013.94,1534,309,1.03,278,1,Plan1,504.11,509.83000000000004,50.28206797246385
C9,Moderate Users,Plan2,1013.94,1534,309,1.03,278,2,Plan9,752.45,261.49,25.7894944474032
C9,Moderate Users,Plan2,1013.94,1534,309,1.03,278,3,Plan8,888.86,125.08000000000004,12.33603566285974
C10,Data-Heavy Users,Plan9,2607.24,1573,468,44.79,13,1,Plan1,1003.03,1604.2099999999998,61.52904987649775
C10,Data-Heavy Users,Plan9,2607.24,1573,468,44.79,13,2,Plan7,1286.65,1320.5899999999997,50.65087985762722
C10,Data-Heavy Users,Plan9,2607.24,1573,468,44.79,13,3,Plan4,1940.01,667.2299999999998,25.59143001795001
C11,Low Usage,Plan4,1835.1000000000001,1395,240,45.18,110,1,Plan1,952.5400000000001,882.5600000000001,48.09329191869653
C11,Low Usage,Plan4,1835.1000000000001,1395,240,45.18,110,2,Plan7,1107.58,727.5200000000002,39.64470601057164
C11,Low Usage,Plan4,1835.1000000000001,1395,240,45.18,110,3,Plan4,1835.1000000000001,0.0,0.0
C12,Data-Heavy Users,Plan5,1078.27,261,381,16.76,14,1,Plan10,422.96999999999997,655.3,60.77327571016535
C12,Data-Heavy Users,Plan5,1078.27,261,381,16.76,14,2,Plan2,476.41,601.8599999999999,55.817188644773566
C12,Data-Heavy Users,Plan5,1078.27,261,381,16.76,14,3,Plan9,508.53000000000003,569.74,52.83834290112866
C13,Balanced High Users,Plan8,1784.64,695,208,19.01,287,1,Plan9,605.19,1179.45,66.08895911780527
C13,Balanced High Users,Plan8,1784.64,695,208,19.01,287,2,Plan2,706.8399999999999,1077.8000000000002,60.393132508517134
C13,Balanced High Users,Plan8,1784.64,695,208,19.01,287,3,Plan1,739.77,1044.8700000000001,58.547942442173216
C14,Low Usage,Plan5,2347.42,1039,12,47.06,289,1,Plan7,996.0699999999999,1351.3500000000001,57.567457037939526
C14,Low Usage,Plan5,2347.42,1039,12,47.06,289,2,Plan1,1105.86,1241.5600000000002,52.89040734082525
C14,Low Usage,Plan5,2347.42,1039,12,47.06,289,3,Plan4,1786.8300000000002,560.5899999999999,23.88111202937693
C15,Heavy Voice Users,Plan2,632.1,674,97,17.46,106,1,Plan9,538.22,93.88,14.852080367030531
C15,Heavy Voice Users,Plan2,632.1,674,97,17.46,106,2,Plan1,589.3,42.80000000000007,6.7710805252333595
C15,Heavy Voice Users,Plan2,632.1,674,97,17.46,106,3,Plan2,632.1,0.0,0.0
C16,Heavy Voice Users,Plan9,593.35,1197,143,18.95,185,1,Plan9,593.35,0.0,0.0
C16,Heavy Voice Users,Plan9,593.35,1197,143,18.95,185,2,Plan1,665.55,-72.19999999999993,-12.168197522541488
C16,Heavy Voice Users,Plan9,593.35,1197,143,18.95,185,3,Plan2,854.84,-261.49,-44.07011039015758
C17,Heavy Voice Users,Plan6,1871.92,960,87,20.6,68,1,Plan9,570.3600000000001,1301.56,69.53074917731527
C17,Heavy Voice Users,Plan6,1871.92,960,87,20.6,68,2,Plan1,602.76,1269.16,67.79990597888799
C17,Heavy Voice Users,Plan6,1871.92,960,87,20.6,68,3,Plan2,760.4600000000002,1111.46,59.37540065814778
C18,Heavy Voice Users,Plan5,1392.4,1138,98,27.28,34,1,Plan1,665.12,727.2800000000001,52.232117207698934
C18,Heavy Voice Users,Plan5,1392.4,1138,98,27.28,34,2,Plan7,897.79,494.6100000000001,35.522120080436665
C18,Heavy Voice Users,Plan5,1392.4,1138,98,27.28,34,3,Plan4,1051.6299999999999,340.7700000000002,24.47357081298479
C19,Balanced High Users,Plan4,814.28,192,414,18.61,276,1,Plan10,528.72,285.55999999999995,35.06901802819669
C19,Balanced High Users,Plan4,814.28,192,414,18.61,276,2,Plan2,572.9000000000001,241.37999999999988,29.643365918357308
C19,Balanced High Users,Plan4,814.28,192,414,18.61,276,3,Plan9,615.04,199.24,24.468241882399177
C20,Moderate Users,Plan1,486.95000000000005,1545,390,5.83,82,1,Plan1,486.95000000000005,0.0,0.0
C20,Moderate Users,Plan1,486.95000000000005,1545,390,5.83,82,2,Plan9,690.96,-204.01,-41.89547181435465
C20,Moderate Users,Plan1,486.95000000000005,1545,390,5.83,82,3,Plan5,897.79,-410.8399999999999,-84.37005852756954
C21,Heavy Voice Users,Plan6,1687.19,1070,54,18.43,5,1,Plan9,500.85,1186.3400000000001,70.31454667227757
C21,Heavy Voice Users,Plan6,1687.19,1070,54,18.43,5,2,Plan1,529.19,1158.0,68.63483069482393
C21,Heavy Voice Users,Plan6,1687.19,1070,54,18.43,5,3,Plan2,741.25,945.94,56.06600323615005
C22,Low Usage,Plan1,904.6400000000001,161,53,37.84,176,1,Plan7,609.88,294.7600000000001,32.583126989741785
C22,Low Usage,Plan1,904.6400000000001,161,53,37.84,176,2,Plan1,904.6400000000001,0.0,0.0
C22,Low Usage,Plan1,904.6400000000001,161,53,37.84,176,3,Plan10,1177.4800000000002,-272.84000000000015,-30.160063671736836
C23,Balanced High Users,Plan1,541.13,568,166,10.21,170,1,Plan1,541.13,0.0,0.0
C23,Balanced High Users,Plan1,541.13,568,166,10.21,170,2,Plan9,561.9,-20.769999999999982,-3.8382643727015657
C23,Balanced High Users,Plan1,541.13,568,166,10.21,170,3,Plan2,616.56,-75.42999999999995,-13.93934913976308
C24,Heavy Voice Users,Plan5,1603.0299999999997,1401,76,28.97,114,1,Plan1,744.69,858.3399999999997,53.54484944137039
C24,Heavy Voice Users,Plan5,1603.0299999999997,1401,76,28.97,114,2,Plan7,1113.8799999999999,489.14999999999986,30.51408894406218
C24,Heavy Voice Users,Plan5,1603.0299999999997,1401,76,28.97,114,3,Plan4,1181.68,421.3499999999997,26.284598541511993
C25,Data-Heavy Users,Plan6,3706.58,284,368,46.73,166,1,Plan7,665.62,3040.96,82.0422060228027
C25,Data-Heavy Users,Plan6,3706.58,284,368,46.73,166,2,Plan1,1062.41,2644.17,71.33718953860433
C25,Data-Heavy Users,Plan6,3706.58,284,368,46.73,166,3,Plan10,1547.6899999999998,2158.8900000000003,58.24479709057947
C26,Data-Heavy Users,Plan3,2562.5200000000004,1723,337,39.53,52,1,Plan1,863.1700000000001,1699.3500000000004,66.31557997596117
C26,Data-Heavy Users,Plan3,2562.5200000000004,1723,337,39.53,52,2,Plan7,1319.26,1243.2600000000004,48.51708474470444
C26,Data-Heavy Users,Plan3,2562.5200000000004,1723,337,39.53,52,3,Plan4,1736.48,826.0400000000004,32.235455723272416
C27,Moderate Users,Plan9,2137.75,1229,413,39.76,178,1,Plan1,1014.64,1123.1100000000001,52.537013214828676
C27,Moderate Users,Plan9,2137.75,1229,413,39.76,178,2,Plan7,1137.5800000000002,1000.1699999999998,46.78610688808325
C27,Moderate Users,Plan9,2137.75,1229,413,39.76,178,3,Plan4,1693.56,444.19000000000005,20.77838849257397
C28,Heavy Voice Users,Plan10,996.84,1445,139,1.16,51,1,Plan1,337.79999999999995,659.0400000000001,66.11291681714218
C28,Heavy Voice Users,Plan10,996.84,1445,139,1.16,51,2,Plan9,635.53,361.31000000000006,36.24553589342322
C28,Heavy Voice Users,Plan10,996.84,1445,139,1.16,51,3,Plan5,654.52,342.32000000000005,34.34051603065688
C29,Low Usage,Plan5,1799.29,130,85,34.39,214,1,Plan7,633.8199999999999,1165.47,64.77388303164025
C29,Low Usage,Plan5,1799.29,130,85,34.39,214,2,Plan1,887.1499999999999,912.1400000000001,50.69444058489738
C29,Low Usage,Plan5,1799.29,130,85,34.39,214,3,Plan10,1060.79,738.5,41.04396734267405
C30,Balanced High Users,Plan6,983.74,919,219,5.89,258,1,Plan1,548.3299999999999,435.4100000000001,44.260678634598584
C30,Balanced High Users,Plan6,983.74,919,219,5.89,258,2,Plan9,594.46,389.28,39.571431475796444
C30,Balanced High Users,Plan6,983.74,919,219,5.89,258,3,Plan5,721.48,262.26,26.659483196779636
C31,Balanced High Users,Plan9,2207.51,116,449,40.54,278,1,Plan7,789.64,1417.8700000000003,64.22938061435737
C31,Balanced High Users,Plan9,2207.51,116,449,40.54,278,2,Plan1,1124.14,1083.3700000000001,49.07656137458041
C31,Balanced High Users,Plan9,2207.51,116,449,40.54,278,3,Plan10,1330.72,876.7900000000002,39.71850637143207
C32,Heavy Voice Users,Plan8,1898.7199999999998,1403,210,18.88,141,1,Plan1,632.96,1265.7599999999998,66.66385775680457
C32,Heavy Voice Users,Plan8,1898.7199999999998,1403,210,18.88,141,2,Plan9,653.29,1245.4299999999998,65.59313642875199
C32,Heavy Voice Users,Plan8,1898.7199999999998,1403,210,18.88,141,3,Plan2,914.78,983.9399999999998,51.82122693182776
C33,Moderate Users,Plan1,936.8599999999999,1204,304,36.66,241,1,Plan1,936.8599999999999,0.0,0.0
C33,Moderate Users,Plan1,936.8599999999999,1204,304,36.66,241,2,Plan7,1089.58,-152.72000000000003,-16.301261661294113
C33,Moderate Users,Plan1,936.8599999999999,1204,304,36.66,241,3,Plan4,1542.74,-605.8800000000001,-64.6713489742331
C34,Heavy Voice Users,Plan9,1172.55,1858,34,24.86,78,1,Plan1,665.34,507.2099999999999,43.25700396571574
C34,Heavy Voice Users,Plan9,1172.55,1858,34,24.86,78,2,Plan4,1127.47,45.07999999999993,3.8446121700567075
C34,Heavy Voice Users,Plan9,1172.55,1858,34,24.86,78,3,Plan9,1172.55,0.0,0.0
C35,Balanced High Users,Plan2,808.49,1028,372,7.96,163,1,Plan1,559.28,249.21000000000004,30.82412893171221
C35,Balanced High Users,Plan2,808.49,1028,372,7.96,163,2,Plan9,561.05,247.44000000000005,30.60520229069006
C35,Balanced High Users,Plan2,808.49,1028,372,7.96,163,3,Plan2,808.49,0.0,0.0
C36,Heavy Voice Users,Plan3,1069.24,1364,124,7.04,85,1,Plan1,438.71999999999997,630.52,58.96898731809509
C36,Heavy Voice Users,Plan3,1069.24,1364,124,7.04,85,2,Plan9,618.1400000000001,451.0999999999999,42.18884441285398
C36,Heavy Voice Users,Plan3,1069.24,1364,124,7.04,85,3,Plan5,700.24,369.0,34.51049343458905
C37,Heavy Voice Users,Plan1,617.02,1807,200,23.58,34,1,Plan1,617.02,0.0,0.0
C37,Heavy Voice Users,Plan1,617.02,1807,200,23.58,34,2,Plan9,1038.8399999999997,-421.8199999999997,-68.36407247739129
C37,Heavy Voice Users,Plan1,617.02,1807,200,23.58,34,3,Plan4,1117.1799999999998,-500.15999999999985,-81.06058150465137
C38,Low Usage,Plan8,2623.68,60,16,31.08,174,1,Plan7,608.62,2015.06,76.80281131845346
C38,Low Usage,Plan8,2623.68,60,16,31.08,174,2,Plan1,815.3199999999999,1808.36,68.924563971216
C38,Low Usage,Plan8,2623.68,60,16,31.08,174,3,Plan10,912.8999999999999,1710.78,65.20536040980608
C39,Balanced High Users,Plan3,800.21,395,252,4.8,202,1,Plan1,493.84,306.37000000000006,38.286199872533466
C39,Balanced High Users,Plan3,800.21,395,252,4.8,202,2,Plan2,564.39,235.82000000000005,29.469764186900942
C39,Balanced High Users,Plan3,800.21,395,252,4.8,202,3,Plan9,573.74,226.47000000000003,28.301320903262894
C40,Low Usage,Plan5,2060.17,601,36,43.35,91,1,Plan7,595.39,1464.7800000000002,71.09995777047527
C40,Low Usage,Plan5,2060.17,601,36,43.35,91,2,Plan1,915.07,1145.1,55.58279171136362
C40,Low Usage,Plan5,2060.17,601,36,43.35,91,3,Plan4,1506.99,553.1800000000001,26.851182183994528
C41,Heavy Voice Users,Plan2,566.98,595,155,15.16,9,1,Plan1,489.56000000000006,77.41999999999996,13.654802638541033
C41,Heavy Voice Users,Plan2,566.98,595,155,15.16,9,2,Plan9,502.33,64.65000000000003,11.40251860735829
C41,Heavy Voice Users,Plan2,566.98,595,155,15.16,9,3,Plan7,539.9499999999999,27.030000000000086,4.767363928180903
C42,Low Usage,Plan8,2738.2400000000002,1404,54,29.96,219,1,Plan1,833.1600000000001,1905.0800000000002,69.5731564800748
C42,Low Usage,Plan8,2738.2400000000002,1404,54,29.96,219,2,Plan7,1181.92,1556.3200000000002,56.836508122005384
C42,Low Usage,Plan8,2738.2400000000002,1404,54,29.96,219,3,Plan4,1239.08,1499.1600000000003,54.749035877059725
C43,Balanced High Users,Plan7,590.83,239,290,20.45,129,1,Plan10,484.22999999999996,106.60000000000008,18.042414907841522
C43,Balanced High Users,Plan7,590.83,239,290,20.45,129,2,Plan2,507.10999999999996,83.72000000000008,14.169896586158467
C43,Balanced High Users,Plan7,590.83,239,290,20.45,129,3,Plan9,581.38,9.450000000000045,1.599444848772074
C44,Balanced High Users,Plan10,467.15,124,137,15.6,145,1,Plan2,452.65,14.5,3.1039280744942737
C44,Balanced High Users,Plan10,467.15,124,137,15.6,145,2,Plan10,467.15,0.0,0.0
C44,Balanced High Users,Plan10,467.15,124,137,15.6,145,3,Plan9,552.65,-85.5,-18.30247243925934
C45,Low Usage,Plan1,928.01,1061,160,37.81,209,1,Plan1,928.01,0.0,0.0
C45,Low Usage,Plan1,928.01,1061,160,37.81,209,2,Plan7,959.53,-31.519999999999982,-3.39651512375944
C45,Low Usage,Plan1,928.01,1061,160,37.81,209,3,Plan4,1480.53,-552.52,-59.538151528539565
C46,Data-Heavy Users,Plan8,3024.44,549,476,34.25,15,1,Plan7,648.07,2376.37,78.57223155360991
C46,Data-Heavy Users,Plan8,3024.44,549,476,34.25,15,2,Plan1,873.53,2150.91,71.11762838740394
C46,Data-Heavy Users,Plan8,3024.44,549,476,34.25,15,3,Plan10,1114.55,1909.89,63.14854981418048
C47,Moderate Users,Plan9,2668.87,1715,317,44.36,207,1,Plan1,1022.3599999999999,1646.51,61.693151033958195
C47,Moderate Users,Plan9,2668.87,1715,317,44.36,207,2,Plan7,1398.6700000000003,1270.1999999999996,47.59317613821579
C47,Moderate Users,Plan9,2668.87,1715,317,44.36,207,3,Plan4,1935.3700000000001,733.4999999999998,27.483541723650827
C48,Data-Heavy Users,Plan3,1457.61,952,483,14.64,63,1,Plan9,556.2399999999999,901.37,61.83890066615899
C48,Data-Heavy Users,Plan3,1457.61,952,483,14.64,63,2,Plan1,658.48,799.1299999999999,54.82467875494817
C48,Data-Heavy Users,Plan3,1457.61,952,483,14.64,63,3,Plan10,772.73,684.8799999999999,46.98650530663209
C49,Data-Heavy Users,Plan8,4214.280000000001,816,470,48.28,66,1,Plan7,844.45,3369.830000000001,79.96217621989997
C49,Data-Heavy Users,Plan8,4214.280000000001,816,470,48.28,66,2,Plan1,1088.08,3126.2000000000007,74.1811175337187
C49,Data-Heavy Users,Plan8,4214.280000000001,816,470,48.28,66,3,Plan10,1811.18,2403.1000000000004,57.02278918344296
C50,Balanced High Users,Plan5,642.91,104,214,7.49,65,1,Plan2,423.05,219.85999999999996,34.19763263909412
C50,Balanced High Users,Plan5,642.91,104,214,7.49,65,2,Plan10,429.55,213.35999999999996,33.18660465695042
C50,Balanced High Users,Plan5,642.91,104,214,7.49,65,3,Plan1,430.17,212.73999999999995,33.090168141730565
C51,Balanced High Users,Plan1,575.4499999999999,688,239,12.85,170,1,Plan9,561.9,13.549999999999955,2.3546789469111054
C51,Balanced High Users,Plan1,575.4499999999999,688,239,12.85,170,2,Plan1,575.4499999999999,0.0,0.0
C51,Balanced High Users,Plan1,575.4499999999999,688,239,12.85,170,3,Plan2,660.9599999999999,-85.50999999999999,-14.859675036927623
C52,Heavy Voice Users,Plan9,528.6,449,78,13.66,80,1,Plan1,521.1800000000001,7.419999999999959,1.403707907680658
C52,Heavy Voice Users,Plan9,528.6,449,78,13.66,80,2,Plan9,528.6,0.0,0.0
C52,Heavy Voice Users,Plan9,528.6,449,78,13.66,80,3,Plan2,539.23,-10.629999999999995,-2.0109723798713572
C53,Moderate Users,Plan1,525.98,1764,214,8.38,182,1,Plan1,525.98,0.0,0.0
C53,Moderate Users,Plan1,525.98,1764,214,8.38,182,2,Plan9,802.0300000000001,-276.05000000000007,-52.482984143883805
C53,Moderate Users,Plan1,525.98,1764,214,8.38,182,3,Plan4,1018.61,-492.63,-93.65945473211909
C54,Data-Heavy Users,Plan9,2305.1499999999996,489,197,43.37,18,1,Plan7,510.34,1794.8099999999997,77.86087673253368
C54,Data-Heavy Users,Plan9,2305.1499999999996,489,197,43.37,18,2,Plan1,862.77,1442.3799999999997,62.57206689369455
C54,Data-Heavy Users,Plan9,2305.1499999999996,489,197,43.37,18,3,Plan10,1443.44,861.7099999999996,37.38194911394051
C55,Moderate Users,Plan1,802.0799999999999,1551,297,29.12,191,1,Plan1,802.0799999999999,0.0,0.0
C55,Moderate Users,Plan1,802.0799999999999,1551,297,29.12,191,2,Plan7,1272.07,-469.99,-58.59639936165969
C55,Moderate Users,Plan1,802.0799999999999,1551,297,29.12,191,3,Plan4,1336.5300000000002,-534.4500000000003,-66.63300418910836
C56,Moderate Users,Plan4,1266.5600000000002,1795,492,23.79,104,1,Plan1,813.79,452.7700000000002,35.74801035876707
C56,Moderate Users,Plan4,1266.5600000000002,1795,492,23.79,104,2,Plan9,1113.0099999999998,153.5500000000004,12.12338933804955
C56,Moderate Users,Plan4,1266.5600000000002,1795,492,23.79,104,3,Plan4,1266.5600000000002,0.0,0.0
C57,Balanced High Users,Plan5,1568.25,1016,239,27.48,246,1,Plan1,820.36,747.89,47.68946277698071
C57,Balanced High Users,Plan5,1568.25,1016,239,27.48,246,2,Plan7,954.49,613.76,39.136617248525425
C57,Balanced High Users,Plan5,1568.25,1016,239,27.48,246,3,Plan4,1141.57,426.68000000000006,27.207396779850157
C58,Low Usage,Plan5,2257.3999999999996,651,253,44.19,285,1,Plan7,749.1099999999999,1508.2899999999997,66.81536280676885
C58,Low Usage,Plan5,2257.3999999999996,651,253,44.19,285,2,Plan1,1065.67,1191.7299999999996,52.792150261362615
C58,Low Usage,Plan5,2257.3999999999996,651,253,44.19,285,3,Plan4,1674.31,583.0899999999997,25.83015858952777
C59,Moderate Users,Plan2,937.4699999999999,1157,420,15.43,284,1,Plan9,630.84,306.6299999999999,32.708246663893235
C59,Moderate Users,Plan2,937.4699999999999,1157,420,15.43,284,2,Plan1,779.99,157.4799999999999,16.798404215601558
C59,Moderate Users,Plan2,937.4699999999999,1157,420,15.43,284,3,Plan2,937.4699999999999,0.0,0.0
C60,Low Usage,Plan8,4236.5199999999995,1388,148,48.34,188,1,Plan1,1049.78,3186.74,75.22070000849754
C60,Low Usage,Plan8,4236.5199999999995,1388,148,48.34,188,2,Plan7,1152.31,3084.2099999999996,72.80055328429937
C60,Low Usage,Plan8,4236.5199999999995,1388,148,48.34,188,3,Plan4,1924.7100000000003,2311.8099999999995,54.568608197294
C61,Heavy Voice Users,Plan10,1413.71,1732,126,26.23,134,1,Plan1,723.47,690.24,48.824723599606706
C61,Heavy Voice Users,Plan10,1413.71,1732,126,26.23,134,2,Plan4,1185.77,227.94000000000005,16.1235331149953
C61,Heavy Voice Users,Plan10,1413.71,1732,126,26.23,134,3,Plan9,1252.1399999999999,161.57000000000016,11.428793741290658
C62,Balanced High Users,Plan1,446.73999999999995,888,248,3.06,168,1,Plan1,446.73999999999995,0.0,0.0
C62,Balanced High Users,Plan1,446.73999999999995,888,248,3.06,168,2,Plan9,561.16,-114.42000000000002,-25.61221292026683
C62,Balanced High Users,Plan1,446.73999999999995,888,248,3.06,168,3,Plan5,641.4000000000001,-194.66000000000014,-43.5734431660474
C63,Data-Heavy Users,Plan2,1431.56,920,437,30.29,125,1,Plan1,871.61,559.9499999999999,39.11467210595434
C63,Data-Heavy Users,Plan2,1431.56,920,437,30.29,125,2,Plan7,925.36,506.19999999999993,35.36002682388443
C63,Data-Heavy Users,Plan2,1431.56,920,437,30.29,125,3,Plan10,1186.1799999999998,245.3800000000001,17.14074156863842
C64,Moderate Users,Plan10,1134.08,1597,221,9.07,191,1,Plan1,541.43,592.65,52.25821811512416
C64,Moderate Users,Plan10,1134.08,1597,221,9.07,191,2,Plan9,743.5699999999999,390.51,34.434078724604966
C64,Moderate Users,Plan10,1134.08,1597,221,9.07,191,3,Plan4,985.3499999999999,148.73000000000002,13.114595090293458
C65,Heavy Voice Users,Plan7,1221.61,1597,171,22.55,89,1,Plan1,643.2300000000001,578.3799999999998,47.34571589950965
C65,Heavy Voice Users,Plan7,1221.61,1597,171,22.55,89,2,Plan9,902.18,319.42999999999995,26.14827972920981
C65,Heavy Voice Users,Plan7,1221.61,1597,171,22.55,89,3,Plan4,1031.69,189.91999999999985,15.546696572555879
C66,Balanced High Users,Plan5,1272.7,185,180,21.46,183,1,Plan10,541.95,730.75,57.41730179932427
C66,Balanced High Users,Plan5,1272.7,185,180,21.46,183,2,Plan2,568.72,703.98,55.31389958356251
C66,Balanced High Users,Plan5,1272.7,185,180,21.46,183,3,Plan7,614.29,658.4100000000001,51.73332285691836
C67,Heavy Voice Users,Plan3,1395.47,1648,56,12.56,175,1,Plan1,575.28,820.19,58.77517968856372
C67,Heavy Voice Users,Plan3,1395.47,1648,56,12.56,175,2,Plan9,756.52,638.95,45.78744079055802
C67,Heavy Voice Users,Plan3,1395.47,1648,56,12.56,175,3,Plan4,926.52,468.95000000000005,33.60516528481444
C68,Heavy Voice Users,Plan1,950.8,1981,203,44.16,50,1,Plan1,950.8,0.0,0.0
C68,Heavy Voice Users,Plan1,950.8,1981,203,44.16,50,2,Plan7,1438.96,-488.1600000000001,-51.342027766091725
C68,Heavy Voice Users,Plan1,950.8,1981,203,44.16,50,3,Plan4,1903.08,-952.28,-100.15565839293228
C69,Moderate Users,Plan1,908.45,1856,291,42.01,106,1,Plan1,908.45,0.0,0.0
C69,Moderate Users,Plan1,908.45,1856,291,42.01,106,2,Plan7,1406.71,-498.26,-54.847267323463036
C69,Moderate Users,Plan1,908.45,1856,291,42.01,106,3,Plan4,1848.53,-940.0799999999999,-103.48175463701908
C70,Heavy Voice Users,Plan9,789.8199999999999,1822,190,6.13,91,1,Plan1,431.21,358.60999999999996,45.4040161049353
C70,Heavy Voice Users,Plan9,789.8199999999999,1822,190,6.13,91,2,Plan9,789.8199999999999,0.0,0.0
C70,Heavy Voice Users,Plan9,789.8199999999999,1822,190,6.13,91,3,Plan8,951.5,-161.68000000000006,-20.470486946392857
C71,Moderate Users,Plan3,1972.3200000000002,1978,282,20.37,210,1,Plan1,754.5699999999999,1217.7500000000002,61.7420094102377
C71,Moderate Users,Plan3,1972.3200000000002,1978,282,20.37,210,2,Plan9,920.0600000000002,1052.26,53.3513831426949
C71,Moderate Users,Plan3,1972.3200000000002,1978,282,20.37,210,3,Plan4,1117.51,854.8100000000002,43.34033016954653
C72,Heavy Voice Users,Plan8,1654.08,1099,292,16.42,71,1,Plan9,525.27,1128.81,68.24397852582705
C72,Heavy Voice Users,Plan8,1654.08,1099,292,16.42,71,2,Plan1,550.58,1103.5,66.71382278970788
C72,Heavy Voice Users,Plan8,1654.08,1099,292,16.42,71,3,Plan2,776.4,877.68,53.061520603598375
C73,Balanced High Users,Plan4,828.46,57,441,17.75,286,1,Plan10,533.42,295.0400000000001,35.61306520532072
C73,Balanced High Users,Plan4,828.46,57,441,17.75,286,2,Plan2,581.5799999999999,246.8800000000001,29.799869637640935
C73,Balanced High Users,Plan4,828.46,57,441,17.75,286,3,Plan9,626.5699999999999,201.8900000000001,24.369311735026443
C74,Moderate Users,Plan10,2047.9799999999998,1602,272,42.65,251,1,Plan1,1021.17,1026.81,50.13769665719392
C74,Moderate Users,Plan10,2047.9799999999998,1602,272,42.65,251,2,Plan7,1326.8200000000002,721.1599999999996,35.21323450424319
C74,Moderate Users,Plan10,2047.9799999999998,1602,272,42.65,251,3,Plan4,1838.14,209.8399999999997,10.246193810486416
C75,Balanced High Users,Plan10,899.1,98,302,29.75,255,1,Plan7,678.13,220.97000000000003,24.576799021243467
C75,Balanced High Users,Plan10,899.1,98,302,29.75,255,2,Plan1,856.35,42.75,4.754754754754755
C75,Balanced High Users,Plan10,899.1,98,302,29.75,255,3,Plan10,899.1,0.0,0.0
C76,Moderate Users,Plan8,1380.3400000000001,1293,306,12.13,166,1,Plan1,565.49,814.8500000000001,59.03255719605315
C76,Moderate Users,Plan8,1380.3400000000001,1293,306,12.13,166,2,Plan9,621.8399999999999,758.5000000000002,54.95022965356362
C76,Moderate Users,Plan8,1380.3400000000001,1293,306,12.13,166,3,Plan2,883.3299999999999,497.0100000000002,36.006346262515045
C77,Balanced High Users,Plan2,562.91,499,275,1.47,94,1,Plan1,372.79,190.11999999999995,33.77449325824731
C77,Balanced High Users,Plan2,562.91,499,275,1.47,94,2,Plan9,533.78,29.129999999999995,5.174894743387042
C77,Balanced High Users,Plan2,562.91,499,275,1.47,94,3,Plan7,558.88,4.029999999999973,0.7159226164040385
C78,Heavy Voice Users,Plan4,1409.8300000000002,1238,52,36.92,38,1,Plan1,793.32,616.5100000000001,43.72938581247385
C78,Heavy Voice Users,Plan4,1409.8300000000002,1238,52,36.92,38,2,Plan7,963.3100000000001,446.5200000000001,31.671903704701986
C78,Heavy Voice Users,Plan4,1409.8300000000002,1238,52,36.92,38,3,Plan4,1409.8300000000002,0.0,0.0
C79,Data-Heavy Users,Plan6,2755.23,1638,496,28.11,94,1,Plan1,865.79,1889.44,68.57648907713694
C79,Data-Heavy Users,Plan6,2755.23,1638,496,28.11,94,2,Plan9,1385.0199999999998,1370.2100000000003,49.73123840840874
C79,Data-Heavy Users,Plan6,2755.23,1638,496,28.11,94,3,Plan4,1385.4299999999998,1369.8000000000002,49.7163576180573
C80,Balanced High Users,Plan3,763.0600000000001,303,52,6.82,248,1,Plan2,547.37,215.69000000000005,28.266453489895948
C80,Balanced High Users,Plan3,763.0600000000001,303,52,6.82,248,2,Plan10,552.6899999999999,210.37000000000012,27.56926060860222
C80,Balanced High Users,Plan3,763.0600000000001,303,52,6.82,248,3,Plan1,553.22,209.84000000000003,27.499803423059788
C81,Low Usage,Plan10,686.04,464,124,23.13,111,1,Plan7,568.9300000000001,117.1099999999999,17.07043321089148
C81,Low Usage,Plan10,686.04,464,124,23.13,111,2,Plan1,666.61,19.42999999999995,2.8321963733892996
C81,Low Usage,Plan10,686.04,464,124,23.13,111,3,Plan10,686.04,0.0,0.0
C82,Heavy Voice Users,Plan2,759.75,962,82,15.81,163,1,Plan9,559.31,200.44000000000005,26.382362619282667
C82,Heavy Voice Users,Plan2,759.75,962,82,15.81,163,2,Plan1,608.89,150.86,19.856531753866406
C82,Heavy Voice Users,Plan2,759.75,962,82,15.81,163,3,Plan2,759.75,0.0,0.0
C83,Data-Heavy Users,Plan10,735.05,928,473,2.64,11,1,Plan1,457.44,277.60999999999996,37.76749880960478
C83,Data-Heavy Users,Plan10,735.05,928,473,2.64,11,2,Plan9,534.1,200.94999999999993,27.338276307734162
C83,Data-Heavy Users,Plan10,735.05,928,473,2.64,11,3,Plan6,643.51,91.53999999999996,12.453574586762802
C84,Low Usage,Plan10,1572.8799999999999,964,199,38.0,264,1,Plan7,933.0699999999999,639.81,40.67761049794009
C84,Low Usage,Plan10,1572.8799999999999,964,199,38.0,264,2,Plan1,970.0799999999999,602.8,38.32460200396724
C84,Low Usage,Plan10,1572.8799999999999,964,199,38.0,264,3,Plan4,1494.8700000000001,78.00999999999976,4.959691775596344
C85,Low Usage,Plan4,1476.0900000000001,316,204,41.57,179,1,Plan7,611.77,864.3200000000002,58.55469517441348
C85,Low Usage,Plan4,1476.0900000000001,316,204,41.57,179,2,Plan1,955.29,520.8000000000002,35.282401479584586
C85,Low Usage,Plan4,1476.0900000000001,316,204,41.57,179,3,Plan10,1367.6,108.49000000000024,7.349822842780604
C86,Moderate Users,Plan1,745.9799999999999,1902,298,24.14,203,1,Plan1,745.9799999999999,0.0,0.0
C86,Moderate Users,Plan1,745.9799999999999,1902,298,24.14,203,2,Plan9,1179.6399999999999,-433.65999999999997,-58.13292581570552
C86,Moderate Users,Plan1,745.9799999999999,1902,298,24.14,203,3,Plan4,1241.18,-495.20000000000016,-66.38247674200383
C87,Moderate Users,Plan4,1552.33,1617,495,32.03,229,1,Plan1,1013.1899999999999,539.14,34.73101724504455
C87,Moderate Users,Plan4,1552.33,1617,495,32.03,229,2,Plan7,1468.27,84.05999999999995,5.415085709868388
C87,Moderate Users,Plan4,1552.33,1617,495,32.03,229,3,Plan4,1552.33,0.0,0.0
C88,Heavy Voice Users,Plan5,1527.46,1666,124,21.9,127,1,Plan1,662.1400000000001,865.3199999999999,56.650910662144994
C88,Heavy Voice Users,Plan5,1527.46,1666,124,21.9,127,2,Plan9,891.72,635.74,41.62072983907926
C88,Heavy Voice Users,Plan5,1527.46,1666,124,21.9,127,3,Plan4,1012.2200000000001,515.2399999999999,33.73181621777329
C89,Moderate Users,Plan10,1210.6899999999998,1834,390,15.74,117,1,Plan1,640.98,569.7099999999998,47.05663712428449
C89,Moderate Users,Plan10,1210.6899999999998,1834,390,15.74,117,2,Plan9,810.8399999999999,399.8499999999999,33.026621182961776
C89,Moderate Users,Plan10,1210.6899999999998,1834,390,15.74,117,3,Plan4,1097.2,113.48999999999978,9.373993342639304
C90,Balanced High Users,Plan5,1562.41,521,141,27.19,275,1,Plan7,672.25,890.1600000000001,56.97352167484847
C90,Balanced High Users,Plan5,1562.41,521,141,27.19,275,2,Plan1,837.47,724.94,46.39883257275619
C90,Balanced High Users,Plan5,1562.41,521,141,27.19,275,3,Plan10,948.25,614.1600000000001,39.308504169840184
C91,Low Usage,Plan5,2421.52,1433,138,46.56,266,1,Plan1,1082.8,1338.72,55.28428425121411
C91,Low Usage,Plan5,2421.52,1433,138,46.56,266,2,Plan7,1229.8,1191.72,49.213717004195715
C91,Low Usage,Plan5,2421.52,1433,138,46.56,266,3,Plan4,1884.5200000000002,536.9999999999998,22.176153820740684
C92,Balanced High Users,Plan3,1390.8500000000001,878,223,17.34,223,1,Plan9,581.51,809.3400000000001,58.19031527483194
C92,Balanced High Users,Plan3,1390.8500000000001,878,223,17.34,223,2,Plan1,671.98,718.8700000000001,51.68565984829421
C92,Balanced High Users,Plan3,1390.8500000000001,878,223,17.34,223,3,Plan2,750.87,639.9800000000001,46.013588812596616
C93,Balanced High Users,Plan6,1207.5200000000002,707,275,8.99,280,1,Plan9,602.6,604.9200000000002,50.09606466145489
C93,Balanced High Users,Plan6,1207.5200000000002,707,275,8.99,280,2,Plan1,604.47,603.0500000000002,49.94120180204055
C93,Balanced High Users,Plan6,1207.5200000000002,707,275,8.99,280,3,Plan2,708.69,498.83000000000015,41.31028885649928
C94,Balanced High Users,Plan7,604.84,152,186,29.32,168,1,Plan7,604.84,0.0,0.0
C94,Balanced High Users,Plan7,604.84,152,186,29.32,168,2,Plan1,788.1200000000001,-183.2800000000001,-30.302228688578808
C94,Balanced High Users,Plan7,604.84,152,186,29.32,168,3,Plan10,841.44,-236.60000000000002,-39.117783215395804
C95,Low Usage,Plan9,2858.4900000000002,1484,56,48.49,91,1,Plan1,981.89,1876.6000000000004,65.65004600330944
C95,Low Usage,Plan9,2858.4900000000002,1484,56,48.49,91,2,Plan7,1151.6799999999998,1706.8100000000004,59.71019664228317
C95,Low Usage,Plan9,2858.4900000000002,1484,56,48.49,91,3,Plan4,1895.1200000000001,963.3700000000001,33.702059478955675
C96,Moderate Users,Plan2,1219.3200000000002,1983,434,4.37,191,1,Plan1,636.05,583.2700000000002,47.83567890299512
C96,Moderate Users,Plan2,1219.3200000000002,1983,434,4.37,191,2,Plan9,906.11,313.21000000000015,25.687268313486218
C96,Moderate Users,Plan2,1219.3200000000002,1983,434,4.37,191,3,Plan8,1021.0,198.32000000000016,16.264803333005293
C97,Data-Heavy Users,Plan3,2195.2200000000003,237,267,43.74,74,1,Plan7,545.62,1649.6000000000004,75.14508796384874
C97,Data-Heavy Users,Plan3,2195.2200000000003,237,267,43.74,74,2,Plan1,907.9,1287.3200000000002,58.64195843696759
C97,Data-Heavy Users,Plan3,2195.2200000000003,237,267,43.74,74,3,Plan10,1365.7500000000002,829.47,37.78527892420805
C98,Balanced High Users,Plan4,858.19,487,326,21.88,253,1,Plan7,692.71,165.48000000000002,19.282443281790744
C98,Balanced High Users,Plan4,858.19,487,326,21.88,253,2,Plan10,714.8399999999999,143.35000000000014,16.703760239574002
C98,Balanced High Users,Plan4,858.19,487,326,21.88,253,3,Plan2,731.98,126.21000000000004,14.706533518218578
C99,Low Usage,Plan8,2574.4199999999996,1273,114,28.13,162,1,Plan1,768.33,1806.0899999999997,70.15521942806535
C99,Low Usage,Plan8,2574.4199999999996,1273,114,28.13,162,2,Plan7,1063.48,1510.9399999999996,58.690501161426646
C99,Low Usage,Plan8,2574.4199999999996,1273,114,28.13,162,3,Plan4,1149.76,1424.6599999999996,55.339066663559166
C100,Balanced High Users,Plan1,549.47,609,215,13.51,122,1,Plan9,544.14,5.330000000000041,0.9700256610916048
C100,Balanced High Users,Plan1,549.47,609,215,13.51,122,2,Plan1,549.47,0.0,0.0
C100,Balanced High Users,Plan1,549.47,609,215,13.51,122,3,Plan2,613.9699999999999,-64.49999999999989,-11.738584454110303
C101,Moderate Users,Plan4,1651.4900000000002,1301,345,39.02,169,1,Plan1,946.86,704.6300000000002,42.666319505416325
C101,Moderate Users,Plan4,1651.4900000000002,1301,345,39.02,169,2,Plan7,1132.3899999999999,519.1000000000004,31.432221811818433
C101,Moderate Users,Plan4,1651.4900000000002,1301,345,39.02,169,3,Plan4,1651.4900000000002,0.0,0.0
C102,Heavy Voice Users,Plan1,437.11,555,25,3.87,140,1,Plan1,437.11,0.0,0.0
C102,Heavy Voice Users,Plan1,437.11,555,25,3.87,140,2,Plan8,537.28,-100.16999999999996,-22.916428358994292
C102,Heavy Voice Users,Plan1,437.11,555,25,3.87,140,3,Plan9,550.8,-113.68999999999994,-26.00947130013039
C103,Low Usage,Plan2,2458.68,755,83,49.58,85,1,Plan7,688.63,1770.0499999999997,71.99188182276669
C103,Low Usage,Plan2,2458.68,755,83,49.58,85,2,Plan1,991.74,1466.9399999999998,59.663721997169205
C103,Low Usage,Plan2,2458.68,755,83,49.58,85,3,Plan4,1771.4699999999998,687.21,27.950363609741817
C104,Heavy Voice Users,Plan9,532.3,836,280,1.35,90,1,Plan1,368.35,163.94999999999993,30.80030058237835
C104,Heavy Voice Users,Plan9,532.3,836,280,1.35,90,2,Plan9,532.3,0.0,0.0
C104,Heavy Voice Users,Plan9,532.3,836,280,1.35,90,3,Plan6,575.9,-43.60000000000002,-8.190869810257379
C105,Balanced High Users,Plan7,740.38,436,403,7.08,248,1,Plan9,601.49,138.89,18.759285772171044
C105,Balanced High Users,Plan7,740.38,436,403,7.08,248,2,Plan10,615.1999999999999,125.18000000000006,16.90753396904293
C105,Balanced High Users,Plan7,740.38,436,403,7.08,248,3,Plan1,632.6,107.77999999999997,14.557389448661496
C106,Heavy Voice Users,Plan5,1620.73,1667,270,24.25,78,1,Plan1,657.41,963.32,59.4374140048003
C106,Heavy Voice Users,Plan5,1620.73,1667,270,24.25,78,2,Plan9,1054.9099999999999,565.8200000000002,34.91142880060221
C106,Heavy Voice Users,Plan5,1620.73,1667,270,24.25,78,3,Plan4,1150.02,470.71000000000004,29.04308552319017
C107,Heavy Voice Users,Plan6,981.91,1078,289,7.85,29,1,Plan1,408.93,572.98,58.35361693026856
C107,Heavy Voice Users,Plan6,981.91,1078,289,7.85,29,2,Plan9,509.73,472.17999999999995,48.08791029727775
C107,Heavy Voice Users,Plan6,981.91,1078,289,7.85,29,3,Plan5,679.9399999999999,301.97,30.75332769805787
C108,Heavy Voice Users,Plan4,1057.1599999999999,1968,253,16.39,71,1,Plan1,595.5500000000001,461.6099999999998,43.66510272806386
C108,Heavy Voice Users,Plan4,1057.1599999999999,1968,253,16.39,71,2,Plan9,836.44,220.7199999999998,20.8785803473457
C108,Heavy Voice Users,Plan4,1057.1599999999999,1968,253,16.39,71,3,Plan4,1057.1599999999999,0.0,0.0
C109,Balanced High Users,Plan2,725.71,826,25,2.0,207,1,Plan1,461.03999999999996,264.6700000000001,36.470490967466354
C109,Balanced High Users,Plan2,725.71,826,25,2.0,207,2,Plan9,575.59,150.12,20.68594893276929
C109,Balanced High Users,Plan2,725.71,826,25,2.0,207,3,Plan8,611.64,114.07000000000005,15.71839991181051
C110,Moderate Users,Plan4,2067.29,1859,463,44.86,279,1,Plan1,1191.6599999999999,875.6300000000001,42.356418306091555
C110,Moderate Users,Plan4,2067.29,1859,463,44.86,279,2,Plan7,1631.11,436.18000000000006,21.099120104097636
C110,Moderate Users,Plan4,2067.29,1859,463,44.86,279,3,Plan4,2067.29,0.0,0.0
C111,Low Usage,Plan7,1017.8199999999999,1142,306,43.93,187,1,Plan1,994.01,23.809999999999945,2.339313434595503
C111,Low Usage,Plan7,1017.8199999999999,1142,306,43.93,187,2,Plan7,1017.8199999999999,0.0,0.0
C111,Low Usage,Plan7,1017.8199999999999,1142,306,43.93,187,3,Plan4,1778.66,-760.8400000000001,-74.75192077184573
C112,Data-Heavy Users,Plan4,1898.31,1920,358,42.51,52,1,Plan1,928.6700000000001,969.6399999999999,51.07911774157012
C112,Data-Heavy Users,Plan4,1898.31,1920,358,42.51,52,2,Plan7,1457.23,441.0799999999999,23.235404122614323
C112,Data-Heavy Users,Plan4,1898.31,1920,358,42.51,52,3,Plan4,1898.31,0.0,0.0
C113,Balanced High Users,Plan9,597.61,207,396,1.5,243,1,Plan10,513.21,84.39999999999998,14.122922976523148
C113,Balanced High Users,Plan9,597.61,207,396,1.5,243,2,Plan1,551.14,46.47000000000003,7.775974297618853
C113,Balanced High Users,Plan9,597.61,207,396,1.5,243,3,Plan2,552.56,45.05000000000007,7.538361138535176
C114,Heavy Voice Users,Plan1,723.09,1322,162,32.57,19,1,Plan1,723.09,0.0,0.0
C114,Heavy Voice Users,Plan1,723.09,1322,162,32.57,19,2,Plan7,1004.26,-281.16999999999996,-38.88450953546584
C114,Heavy Voice Users,Plan1,723.09,1322,162,32.57,19,3,Plan4,1309.1,-586.0099999999999,-81.04247050851205
C115,Moderate Users,Plan1,887.35,1523,472,23.75,228,1,Plan1,887.35,0.0,0.0
C115,Moderate Users,Plan1,887.35,1523,472,23.75,228,2,Plan9,1049.37,-162.01999999999987,-18.258860652504634
C115,Moderate Users,Plan1,887.35,1523,472,23.75,228,3,Plan4,1222.28,-334.92999999999995,-37.744970981010866
C116,Data-Heavy Users,Plan7,703.9300000000001,725,364,33.26,45,1,Plan7,703.9300000000001,0.0,0.0
C116,Data-Heavy Users,Plan7,703.9300000000001,725,364,33.26,45,2,Plan1,797.14,-93.20999999999992,-13.241373432017376
C116,Data-Heavy Users,Plan7,703.9300000000001,725,364,33.26,45,3,Plan10,1172.76,-468.8299999999999,-66.60179279189691
C117,Data-Heavy Users,Plan3,2304.2400000000002,1333,320,36.74,78,1,Plan1,832.6999999999999,1471.5400000000004,63.86227129118496
C117,Data-Heavy Users,Plan3,2304.2400000000002,1333,320,36.74,78,2,Plan7,1078.72,1225.5200000000002,53.18543207304794
C117,Data-Heavy Users,Plan3,2304.2400000000002,1333,320,36.74,78,3,Plan4,1544.8400000000001,759.4000000000001,32.95663646147971
C118,Heavy Voice Users,Plan6,1619.8700000000001,1673,58,12.13,42,1,Plan1,473.93,1145.94,70.74271392148752
C118,Heavy Voice Users,Plan6,1619.8700000000001,1673,58,12.13,42,2,Plan9,716.56,903.3100000000002,55.76435146030237
C118,Heavy Voice Users,Plan6,1619.8700000000001,1673,58,12.13,42,3,Plan4,901.68,718.1900000000002,44.33627389852273
C119,Low Usage,Plan1,943.64,1364,69,43.0,137,1,Plan1,943.64,0.0,0.0
C119,Low Usage,Plan1,943.64,1364,69,43.0,137,2,Plan7,1105.06,-161.41999999999996,-17.10609978381586
C119,Low Usage,Plan1,943.64,1364,69,43.0,137,3,Plan4,1680.46,-736.82,-78.08274341910051
C120,Balanced High Users,Plan9,548.21,163,99,6.14,133,1,Plan2,453.02,95.19000000000005,17.36378395140549
C120,Balanced High Users,Plan9,548.21,163,99,6.14,133,2,Plan10,461.51,86.70000000000005,15.815107349373422
C120,Balanced High Users,Plan9,548.21,163,99,6.14,133,3,Plan1,461.58,86.63000000000005,15.802338519910261
C121,Heavy Voice Users,Plan1,625.6999999999999,983,208,23.14,54,1,Plan1,625.6999999999999,0.0,0.0
C121,Heavy Voice Users,Plan1,625.6999999999999,983,208,23.14,54,2,Plan9,760.76,-135.06000000000006,-21.585424324756286
C121,Heavy Voice Users,Plan1,625.6999999999999,983,208,23.14,54,3,Plan7,812.74,-187.04000000000008,-29.892919929678776
C122,Low Usage,Plan9,2750.99,995,199,49.04,43,1,Plan7,813.37,1937.62,70.43355301182484
C122,Low Usage,Plan9,2750.99,995,199,49.04,43,2,Plan1,954.48,1796.5099999999998,65.30412687796029
C122,Low Usage,Plan9,2750.99,995,199,49.04,43,3,Plan4,1848.6100000000004,902.3799999999994,32.80200945841313
C123,Moderate Users,Plan4,1021.88,1504,315,3.41,263,1,Plan1,528.81,493.07000000000005,48.25126237914433
C123,Moderate Users,Plan4,1021.88,1504,315,3.41,263,2,Plan9,735.8,286.08000000000004,27.99545934943438
C123,Moderate Users,Plan4,1021.88,1504,315,3.41,263,3,Plan8,881.48,140.39999999999998,13.739382314948914
C124,Moderate Users,Plan8,2414.42,1731,254,24.02,204,1,Plan1,745.14,1669.2800000000002,69.13792960628226
C124,Moderate Users,Plan8,2414.42,1731,254,24.02,204,2,Plan9,1107.5,1306.92,54.12977029680006
C124,Moderate Users,Plan8,2414.42,1731,254,24.02,204,3,Plan4,1178.4,1236.02,51.19324723950265
C125,Low Usage,Plan7,1413.76,1722,99,34.73,269,1,Plan1,931.1700000000001,482.5899999999999,34.13521389769126
C125,Low Usage,Plan7,1413.76,1722,99,34.73,269,2,Plan7,1413.76,0.0,0.0
C125,Low Usage,Plan7,1413.76,1722,99,34.73,269,3,Plan4,1508.6399999999999,-94.87999999999988,-6.711181530104112
C126,Balanced High Users,Plan2,1571.9,426,408,34.99,283,1,Plan7,765.73,806.1700000000001,51.28634137031618
C126,Balanced High Users,Plan2,1571.9,426,408,34.99,283,2,Plan1,1024.43,547.47,34.828551434569626
C126,Balanced High Users,Plan2,1571.9,426,408,34.99,283,3,Plan10,1211.5600000000002,360.3399999999999,22.923850117691956
C127,Data-Heavy Users,Plan9,2499.4199999999996,473,336,45.72,54,1,Plan7,573.9399999999999,1925.4799999999996,77.03707260084339
C127,Data-Heavy Users,Plan9,2499.4199999999996,473,336,45.72,54,2,Plan1,944.32,1555.0999999999995,62.218434676845014
C127,Data-Heavy Users,Plan9,2499.4199999999996,473,336,45.72,54,3,Plan10,1544.49,954.9299999999996,38.20606380680317
C128,Low Usage,Plan2,2537.4900000000002,1531,92,45.14,254,1,Plan1,1055.7,1481.7900000000002,58.395895156237074
C128,Low Usage,Plan2,2537.4900000000002,1531,92,45.14,254,2,Plan7,1283.98,1253.5100000000002,49.39960354523565
C128,Low Usage,Plan2,2537.4900000000002,1531,92,45.14,254,3,Plan4,1832.94,704.5500000000002,27.76562666256813
C129,Low Usage,Plan4,1470.4099999999999,640,75,42.58,2,1,Plan7,563.89,906.5199999999999,61.6508320808482
C129,Low Usage,Plan4,1470.4099999999999,640,75,42.58,2,2,Plan1,840.98,629.4299999999998,42.80642813909045
C129,Low Usage,Plan4,1470.4099999999999,640,75,42.58,2,3,Plan4,1470.4099999999999,0.0,0.0
C130,Low Usage,Plan2,1062.17,528,86,28.13,74,1,Plan7,545.62,516.5500000000001,48.631574983288935
C130,Low Usage,Plan2,1062.17,528,86,28.13,74,2,Plan1,704.97,357.20000000000005,33.62926838453355
C130,Low Usage,Plan2,1062.17,528,86,28.13,74,3,Plan10,893.7299999999999,168.44000000000017,15.85810181044467
C131,Low Usage,Plan3,1780.8400000000001,1288,71,25.6,286,1,Plan1,824.7199999999999,956.1200000000002,53.68927023202534
C131,Low Usage,Plan3,1780.8400000000001,1288,71,25.6,286,2,Plan4,1071.73,709.1100000000001,39.818849531681686
C131,Low Usage,Plan3,1780.8400000000001,1288,71,25.6,286,3,Plan9,1095.5900000000001,685.25,38.47903236674827
C132,Balanced High Users,Plan1,604.16,905,467,2.48,224,1,Plan1,604.16,0.0,0.0
C132,Balanced High Users,Plan1,604.16,905,467,2.48,224,2,Plan9,611.17,-7.009999999999991,-1.160288665254236
C132,Balanced High Users,Plan1,604.16,905,467,2.48,224,3,Plan6,755.12,-150.96000000000004,-24.98675847457628
C133,Moderate Users,Plan7,1616.4099999999999,1972,393,45.06,216,1,Plan1,1143.94,472.4699999999998,29.229589027536324
C133,Moderate Users,Plan7,1616.4099999999999,1972,393,45.06,216,2,Plan7,1616.4099999999999,0.0,0.0
C133,Moderate Users,Plan7,1616.4099999999999,1972,393,45.06,216,3,Plan4,2055.19,-438.7800000000002,-27.145340600466483
C134,Balanced High Users,Plan9,635.7399999999999,836,141,20.81,201,1,Plan9,635.7399999999999,0.0,0.0
C134,Balanced High Users,Plan9,635.7399999999999,836,141,20.81,201,2,Plan1,701.25,-65.5100000000001,-10.304527007896327
C134,Balanced High Users,Plan9,635.7399999999999,836,141,20.81,201,3,Plan2,776.5999999999999,-140.86,-22.15685657658792
C135,Balanced High Users,Plan10,536.71,162,196,11.31,293,1,Plan2,511.85,24.860000000000014,4.631924130349725
C135,Balanced High Users,Plan10,536.71,162,196,11.31,293,2,Plan10,536.71,0.0,0.0
C135,Balanced High Users,Plan10,536.71,162,196,11.31,293,3,Plan9,607.41,-70.69999999999993,-13.172849397253625
C136,Low Usage,Plan6,3609.9500000000003,493,53,44.45,265,1,Plan7,665.95,2944.0,81.55237607169073
C136,Low Usage,Plan6,3609.9500000000003,493,53,44.45,265,2,Plan1,1054.65,2555.3,70.78491391847533
C136,Low Usage,Plan6,3609.9500000000003,493,53,44.45,265,3,Plan4,1561.7700000000002,2048.1800000000003,56.73707392069143
C137,Balanced High Users,Plan5,799.8100000000001,220,146,7.71,271,1,Plan2,525.17,274.6400000000001,34.33815531188658
C137,Balanced High Users,Plan5,799.8100000000001,220,146,7.71,271,2,Plan10,526.37,273.44000000000005,34.188119678423625
C137,Balanced High Users,Plan5,799.8100000000001,220,146,7.71,271,3,Plan1,581.35,218.46000000000004,27.313987071929585
C138,Balanced High Users,Plan1,424.51,407,223,2.79,142,1,Plan1,424.51,0.0,0.0
C138,Balanced High Users,Plan1,424.51,407,223,2.79,142,2,Plan2,546.63,-122.12,-28.767284634048668
C138,Balanced High Users,Plan1,424.51,407,223,2.79,142,3,Plan9,551.54,-127.02999999999997,-29.923912275329194
C139,Heavy Voice Users,Plan6,2363.61,1763,48,21.87,90,1,Plan1,635.1099999999999,1728.5000000000002,73.1296618308435
C139,Heavy Voice Users,Plan6,2363.61,1763,48,21.87,90,2,Plan9,911.6099999999999,1452.0000000000002,61.43145442776093
C139,Heavy Voice Users,Plan6,2363.61,1763,48,21.87,90,3,Plan4,1000.7400000000001,1362.87,57.6605277520403
C140,Data-Heavy Users,Plan9,2330.7399999999993,447,186,43.76,6,1,Plan7,502.78,1827.9599999999994,78.42831032204364
C140,Data-Heavy Users,Plan9,2330.7399999999993,447,186,43.76,6,2,Plan1,859.2,1471.5399999999993,63.136171344723124
C140,Data-Heavy Users,Plan9,2330.7399999999993,447,186,43.76,6,3,Plan10,1433.2699999999998,897.4699999999996,38.505796442331615
C141,Balanced High Users,Plan7,756.97,452,431,15.01,245,1,Plan9,608.5,148.47000000000003,19.613723133017164
C141,Balanced High Users,Plan7,756.97,452,431,15.01,245,2,Plan10,621.31,135.66000000000008,17.921449991413144
C141,Balanced High Users,Plan7,756.97,452,431,15.01,245,3,Plan2,670.55,86.42000000000007,11.416568688323192
C142,Moderate Users,Plan1,687.02,1371,201,16.78,254,1,Plan9,683.26,3.759999999999991,0.5472911996739529
C142,Moderate Users,Plan1,687.02,1371,201,16.78,254,2,Plan1,687.02,0.0,0.0
C142,Moderate Users,Plan1,687.02,1371,201,16.78,254,3,Plan4,939.06,-252.03999999999996,-36.68597711857005
C143,Balanced High Users,Plan6,1028.6100000000001,720,407,6.68,243,1,Plan9,600.8,427.8100000000002,41.59107922341802
C143,Balanced High Users,Plan6,1028.6100000000001,720,407,6.68,243,2,Plan1,626.8399999999999,401.7700000000002,39.05950749069134
C143,Balanced High Users,Plan6,1028.6100000000001,720,407,6.68,243,3,Plan10,746.33,282.2800000000001,27.442859781647083
C144,Moderate Users,Plan1,842.5,1740,382,25.34,232,1,Plan1,842.5,0.0,0.0
C144,Moderate Users,Plan1,842.5,1740,382,25.34,232,2,Plan9,1227.4699999999998,-384.9699999999998,-45.69376854599404
C144,Moderate Users,Plan1,842.5,1740,382,25.34,232,3,Plan4,1290.75,-448.25,-53.20474777448071
C145,Low Usage,Plan5,2348.98,655,83,47.82,250,1,Plan7,729.58,1619.4,68.94056143517612
C145,Low Usage,Plan5,2348.98,655,83,47.82,250,2,Plan1,1087.6599999999999,1261.3200000000002,53.696498054474716
C145,Low Usage,Plan5,2348.98,655,83,47.82,250,3,Plan4,1723.06,625.9200000000001,26.646459314255548
C146,Low Usage,Plan6,3805.94,835,279,47.74,218,1,Plan7,826.12,2979.82,78.2939300146613
C146,Low Usage,Plan6,3805.94,835,279,47.74,218,2,Plan1,1063.58,2742.36,72.0547354924145
C146,Low Usage,Plan6,3805.94,835,279,47.74,218,3,Plan4,1840.4600000000003,1965.4799999999998,51.642432618485834
C147,Balanced High Users,Plan2,640.3,650,343,1.28,146,1,Plan1,438.15999999999997,202.14,31.56957676089333
C147,Balanced High Users,Plan2,640.3,650,343,1.28,146,2,Plan9,553.02,87.27999999999997,13.631110416992032
C147,Balanced High Users,Plan2,640.3,650,343,1.28,146,3,Plan6,604.18,36.120000000000005,5.641105731688272
C148,Low Usage,Plan10,1128.96,432,170,33.8,200,1,Plan7,625.0,503.96000000000004,44.63931405895692
C148,Low Usage,Plan10,1128.96,432,170,33.8,200,2,Plan1,869.4,259.56000000000006,22.991071428571434
C148,Low Usage,Plan10,1128.96,432,170,33.8,200,3,Plan10,1128.96,0.0,0.0
C149,Heavy Voice Users,Plan2,978.64,1616,388,1.06,2,1,Plan1,365.82,612.8199999999999,62.619553666312434
C149,Heavy Voice Users,Plan2,978.64,1616,388,1.06,2,2,Plan9,687.0500000000001,291.5899999999999,29.795430393198718
C149,Heavy Voice Users,Plan2,978.64,1616,388,1.06,2,3,Plan6,809.88,168.76,17.244339082808796
C150,Data-Heavy Users,Plan2,756.6400000000001,904,297,20.78,84,1,Plan9,590.1400000000001,166.5,22.00518079932332
C150,Data-Heavy Users,Plan2,756.6400000000001,904,297,20.78,84,2,Plan1,616.62,140.0200000000001,18.50549799111864
C150,Data-Heavy Users,Plan2,756.6400000000001,904,297,20.78,84,3,Plan2,756.6400000000001,0.0,0.0
C151,Heavy Voice Users,Plan2,1599.77,1715,187,29.81,63,1,Plan1,718.89,880.88,55.06291529407352
C151,Heavy Voice Users,Plan2,1599.77,1715,187,29.81,63,2,Plan7,1279.5700000000002,320.1999999999998,20.015377210473993
C151,Heavy Voice Users,Plan2,1599.77,1715,187,29.81,63,3,Plan4,1321.25,278.52,17.410002687886383
C152,Low Usage,Plan7,1369.66,1710,31,48.9,211,1,Plan1,1073.62,296.0400000000002,21.61412321306019
C152,Low Usage,Plan7,1369.66,1710,31,48.9,211,2,Plan7,1369.66,0.0,0.0
C152,Low Usage,Plan7,1369.66,1710,31,48.9,211,3,Plan4,1989.4599999999998,-619.7999999999997,-45.25210636216285
C153,Data-Heavy Users,Plan10,1168.0700000000002,79,446,38.84,73,1,Plan7,658.51,509.5600000000002,43.62409787084679
C153,Data-Heavy Users,Plan10,1168.0700000000002,79,446,38.84,73,2,Plan1,952.1600000000001,215.91000000000008,18.48433741128529
C153,Data-Heavy Users,Plan10,1168.0700000000002,79,446,38.84,73,3,Plan10,1168.0700000000002,0.0,0.0
C154,Data-Heavy Users,Plan1,449.62,600,398,5.98,19,1,Plan1,449.62,0.0,0.0
C154,Data-Heavy Users,Plan1,449.62,600,398,5.98,19,2,Plan9,515.31,-65.68999999999994,-14.610115208398188
C154,Data-Heavy Users,Plan1,449.62,600,398,5.98,19,3,Plan10,584.65,-135.02999999999997,-30.032027045060268
C155,Low Usage,Plan4,1745.94,1088,42,46.02,225,1,Plan7,986.62,759.32,43.4906125067299
C155,Low Usage,Plan4,1745.94,1088,42,46.02,225,2,Plan1,1046.26,699.6800000000001,40.07468756085547
C155,Low Usage,Plan4,1745.94,1088,42,46.02,225,3,Plan4,1745.94,0.0,0.0
C156,Moderate Users,Plan2,1225.7600000000002,1660,399,21.87,295,1,Plan1,855.67,370.09000000000026,30.192696775877835
C156,Moderate Users,Plan2,1225.7600000000002,1660,399,21.87,295,2,Plan9,958.9200000000002,266.84000000000003,21.769351259626678
C156,Moderate Users,Plan2,1225.7600000000002,1660,399,21.87,295,3,Plan4,1169.3999999999999,56.360000000000355,4.597963712309126
C157,Heavy Voice Users,Plan9,849.3900000000001,1918,127,3.55,156,1,Plan1,453.83,395.5600000000001,46.569891333780724
C157,Heavy Voice Users,Plan9,849.3900000000001,1918,127,3.55,156,2,Plan9,849.3900000000001,0.0,0.0
C157,Heavy Voice Users,Plan9,849.3900000000001,1918,127,3.55,156,3,Plan8,870.06,-20.669999999999845,-2.4335111079715848
C158,Balanced High Users,Plan10,586.65,293,321,21.16,234,1,Plan10,586.65,0.0,0.0
C158,Balanced High Users,Plan10,586.65,293,321,21.16,234,2,Plan2,609.25,-22.600000000000023,-3.852382169948014
C158,Balanced High Users,Plan10,586.65,293,321,21.16,234,3,Plan9,674.9000000000001,-88.25000000000011,-15.043040995482846
C159,Balanced High Users,Plan5,1203.81,1020,344,17.31,193,1,Plan9,570.41,633.4,52.61627665495385
C159,Balanced High Users,Plan5,1203.81,1020,344,17.31,193,2,Plan1,681.1500000000001,522.6599999999999,43.41715054701322
C159,Balanced High Users,Plan5,1203.81,1020,344,17.31,193,3,Plan2,795.3499999999999,408.46000000000004,33.930603666691596
C160,Data-Heavy Users,Plan4,1188.52,789,494,27.45,194,1,Plan7,923.9200000000001,264.5999999999999,22.26298253289805
C160,Data-Heavy Users,Plan4,1188.52,789,494,27.45,194,2,Plan1,927.69,260.8299999999999,21.945781307845046
C160,Data-Heavy Users,Plan4,1188.52,789,494,27.45,194,3,Plan10,1051.32,137.20000000000005,11.54376872076196
C161,Moderate Users,Plan6,1117.12,1832,58,1.24,286,1,Plan1,508.03999999999996,609.0799999999999,54.52234316814666
C161,Moderate Users,Plan6,1117.12,1832,58,1.24,286,2,Plan8,850.76,266.3599999999999,23.843454597536514
C161,Moderate Users,Plan6,1117.12,1832,58,1.24,286,3,Plan9,865.6700000000001,251.44999999999982,22.50877255800629
C162,Low Usage,Plan10,1823.62,1140,216,42.26,268,1,Plan1,1028.34,795.28,43.609962601857845
C162,Low Usage,Plan10,1823.62,1140,216,42.26,268,2,Plan7,1046.47,777.1499999999999,42.615786183525074
C162,Low Usage,Plan10,1823.62,1140,216,42.26,268,3,Plan4,1697.1100000000001,126.50999999999976,6.937300534102486
C163,Balanced High Users,Plan3,1680.4699999999998,943,359,21.61,227,1,Plan9,706.9599999999999,973.5099999999999,57.93081697382279
C163,Balanced High Users,Plan3,1680.4699999999998,943,359,21.61,227,2,Plan1,772.9300000000001,907.5399999999997,54.0051295173374
C163,Balanced High Users,Plan3,1680.4699999999998,943,359,21.61,227,3,Plan2,889.05,791.4199999999998,47.09515790225353
C164,Moderate Users,Plan1,715.59,1916,373,22.03,114,1,Plan1,715.59,0.0,0.0
C164,Moderate Users,Plan1,715.59,1916,373,22.03,114,2,Plan9,991.45,-275.86,-38.550007685965426
C164,Moderate Users,Plan1,715.59,1916,373,22.03,114,3,Plan4,1180.97,-465.38,-65.03444709959614
C165,Data-Heavy Users,Plan6,1943.0,486,430,21.53,75,1,Plan10,617.0600000000001,1325.94,68.24189397838396
C165,Data-Heavy Users,Plan6,1943.0,486,430,21.53,75,2,Plan7,649.21,1293.79,66.58723623262995
C165,Data-Heavy Users,Plan6,1943.0,486,430,21.53,75,3,Plan9,663.12,1279.88,65.8713329902213
C166,Data-Heavy Users,Plan1,700.78,988,443,23.5,4,1,Plan1,700.78,0.0,0.0
C166,Data-Heavy Users,Plan1,700.78,988,443,23.5,4,2,Plan9,792.3100000000001,-91.53000000000009,-13.06116042124491
C166,Data-Heavy Users,Plan1,700.78,988,443,23.5,4,3,Plan7,895.93,-195.14999999999998,-27.847541311110476
C167,Moderate Users,Plan9,1808.2600000000002,1875,216,32.77,133,1,Plan1,807.77,1000.4900000000002,55.32887969650383
C167,Moderate Users,Plan9,1808.2600000000002,1875,216,32.77,133,2,Plan7,1424.4699999999998,383.7900000000004,21.22427084600668
C167,Moderate Users,Plan9,1808.2600000000002,1875,216,32.77,133,3,Plan4,1493.47,314.7900000000002,17.408447900191355
C168,Balanced High Users,Plan4,861.8799999999999,818,360,20.04,161,1,Plan9,561.65,300.2299999999999,34.83431568199749
C168,Balanced High Users,Plan4,861.8799999999999,818,360,20.04,161,2,Plan1,705.7599999999999,156.12,18.11389056481181
C168,Balanced High Users,Plan4,861.8799999999999,818,360,20.04,161,3,Plan2,723.37,138.50999999999988,16.070682693646436
C169,Moderate Users,Plan3,1778.54,1602,238,19.98,213,1,Plan1,699.1,1079.44,60.692478100014625
C169,Moderate Users,Plan3,1778.54,1602,238,19.98,213,2,Plan9,753.56,1024.98,57.63041595915751
C169,Moderate Users,Plan3,1778.54,1602,238,19.98,213,3,Plan4,999.0400000000001,779.4999999999999,43.82808370910972
C170,Balanced High Users,Plan8,1629.9599999999998,530,403,16.49,293,1,Plan9,618.14,1011.8199999999998,62.076369972269255
C170,Balanced High Users,Plan8,1629.9599999999998,530,403,16.49,293,2,Plan10,680.53,949.4299999999998,58.24866867898598
C170,Balanced High Users,Plan8,1629.9599999999998,530,403,16.49,293,3,Plan2,695.89,934.0699999999998,57.30631426538074
C171,Balanced High Users,Plan2,793.4200000000001,939,213,13.72,277,1,Plan9,601.49,191.93000000000006,24.190214514380788
C171,Balanced High Users,Plan2,793.4200000000001,939,213,13.72,277,2,Plan1,663.8,129.62000000000012,16.336870762017607
C171,Balanced High Users,Plan2,793.4200000000001,939,213,13.72,277,3,Plan2,793.4200000000001,0.0,0.0
C172,Heavy Voice Users,Plan7,1405.57,1860,87,20.39,118,1,Plan1,636.03,769.54,54.74931878170422
C172,Heavy Voice Users,Plan7,1405.57,1860,87,20.39,118,2,Plan9,843.9000000000001,561.6699999999998,39.96030080323285
C172,Heavy Voice Users,Plan7,1405.57,1860,87,20.39,118,3,Plan4,984.13,421.43999999999994,29.983565386284567
C173,Moderate Users,Plan10,1213.5800000000002,1692,454,20.05,261,1,Plan9,833.99,379.59000000000015,31.278531287595385
C173,Moderate Users,Plan10,1213.5800000000002,1692,454,20.05,261,2,Plan1,849.3299999999999,364.2500000000002,30.01450254618568
C173,Moderate Users,Plan10,1213.5800000000002,1692,454,20.05,261,3,Plan4,1127.62,85.96000000000026,7.083175398408037
C174,Balanced High Users,Plan1,930.74,455,481,24.9,258,1,Plan7,798.16,132.58000000000004,14.244579581838114
C174,Balanced High Users,Plan1,930.74,455,481,24.9,258,2,Plan10,821.3299999999999,109.41000000000008,11.75516255882417
C174,Balanced High Users,Plan1,930.74,455,481,24.9,258,3,Plan1,930.74,0.0,0.0
C175,Moderate Users,Plan3,2117.8999999999996,1889,371,24.16,137,1,Plan1,750.4,1367.4999999999995,64.56867651919353
C175,Moderate Users,Plan3,2117.8999999999996,1889,371,24.16,137,2,Plan9,1153.4,964.4999999999995,45.540393786297734
C175,Moderate Users,Plan3,2117.8999999999996,1889,371,24.16,137,3,Plan4,1255.85,862.0499999999997,40.7030549128854
C176,Low Usage,Plan2,2364.6200000000003,987,242,46.37,128,1,Plan7,861.88,1502.7400000000002,63.55101453933402
C176,Low Usage,Plan2,2364.6200000000003,987,242,46.37,128,2,Plan1,980.9699999999999,1383.6500000000005,58.51468734934156
C176,Low Usage,Plan2,2364.6200000000003,987,242,46.37,128,3,Plan4,1789.12,575.5000000000005,24.337948592162817
C177,Data-Heavy Users,Plan2,2230.35,641,383,46.12,64,1,Plan7,675.5200000000001,1554.83,69.7123769811913
C177,Data-Heavy Users,Plan2,2230.35,641,383,46.12,64,2,Plan1,992.4399999999999,1237.9099999999999,55.502947967807735
C177,Data-Heavy Users,Plan2,2230.35,641,383,46.12,64,3,Plan10,1643.75,586.5999999999999,26.300804806420512
C178,Moderate Users,Plan1,492.33,1868,441,5.81,36,1,Plan1,492.33,0.0,0.0
C178,Moderate Users,Plan1,492.33,1868,441,5.81,36,2,Plan9,808.2400000000001,-315.91000000000014,-64.16631121402314
C178,Moderate Users,Plan1,492.33,1868,441,5.81,36,3,Plan8,1029.34,-537.01,-109.07521377937562
C179,Heavy Voice Users,Plan9,514.5400000000001,1145,250,4.59,24,1,Plan1,362.95000000000005,151.59000000000003,29.46126637384849
C179,Heavy Voice Users,Plan9,514.5400000000001,1145,250,4.59,24,2,Plan9,514.5400000000001,0.0,0.0
C179,Heavy Voice Users,Plan9,514.5400000000001,1145,250,4.59,24,3,Plan5,539.06,-24.519999999999868,-4.765421541571086
C180,Heavy Voice Users,Plan6,1012.4200000000001,355,72,7.7,98,1,Plan1,456.66,555.76,54.89421386381146
C180,Heavy Voice Users,Plan6,1012.4200000000001,355,72,7.7,98,2,Plan10,506.63,505.7900000000001,49.95851524071038
C180,Heavy Voice Users,Plan6,1012.4200000000001,355,72,7.7,98,3,Plan2,511.11,501.31000000000006,49.51601114162107
C181,Data-Heavy Users,Plan5,1447.8000000000002,1300,431,25.21,3,1,Plan1,713.17,734.6300000000002,50.74112446470508
C181,Data-Heavy Users,Plan5,1447.8000000000002,1300,431,25.21,3,2,Plan9,984.1400000000001,463.6600000000001,32.02514159414284
C181,Data-Heavy Users,Plan5,1447.8000000000002,1300,431,25.21,3,3,Plan7,1083.9400000000003,363.8599999999999,25.13192429893631
C182,Heavy Voice Users,Plan9,1964.1999999999998,1463,138,37.39,5,1,Plan1,775.67,1188.5299999999997,60.50962223806129
C182,Heavy Voice Users,Plan9,1964.1999999999998,1463,138,37.39,5,2,Plan7,1084.27,879.9299999999998,44.798391202525195
C182,Heavy Voice Users,Plan9,1964.1999999999998,1463,138,37.39,5,3,Plan4,1501.27,462.92999999999984,23.56837389267895
C183,Balanced High Users,Plan2,634.69,604,303,13.63,183,1,Plan9,566.71,67.98000000000002,10.71074067655076
C183,Balanced High Users,Plan2,634.69,604,303,13.63,183,2,Plan1,594.95,39.74000000000001,6.261324426097781
C183,Balanced High Users,Plan2,634.69,604,303,13.63,183,3,Plan2,634.69,0.0,0.0
C184,Balanced High Users,Plan3,915.75,965,164,2.02,205,1,Plan1,459.86,455.89,49.78323778323778
C184,Balanced High Users,Plan3,915.75,965,164,2.02,205,2,Plan9,574.85,340.9,37.22631722631722
C184,Balanced High Users,Plan3,915.75,965,164,2.02,205,3,Plan5,646.6,269.15,29.39120939120939
C185,Balanced High Users,Plan7,911.0200000000001,973,187,25.26,220,1,Plan1,772.78,138.24000000000012,15.174200346863968
C185,Balanced High Users,Plan7,911.0200000000001,973,187,25.26,220,2,Plan7,911.0200000000001,0.0,0.0
C185,Balanced High Users,Plan7,911.0200000000001,973,187,25.26,220,3,Plan9,985.4200000000001,-74.39999999999998,-8.16667032556914
C186,Data-Heavy Users,Plan7,718.87,588,484,3.7,80,1,Plan1,529.26,189.61,26.376118074199788
C186,Data-Heavy Users,Plan7,718.87,588,484,3.7,80,2,Plan9,562.82,156.04999999999995,21.707680109060046
C186,Data-Heavy Users,Plan7,718.87,588,484,3.7,80,3,Plan10,609.92,108.95000000000005,15.155730521512936
C187,Balanced High Users,Plan7,691.78,570,252,15.1,275,1,Plan9,600.75,91.02999999999997,13.158807713434904
C187,Balanced High Users,Plan7,691.78,570,252,15.1,275,2,Plan2,656.15,35.629999999999995,5.150481366908554
C187,Balanced High Users,Plan7,691.78,570,252,15.1,275,3,Plan1,680.3,11.480000000000018,1.6594871201827197
C188,Heavy Voice Users,Plan1,581.05,1188,27,11.01,211,1,Plan1,581.05,0.0,0.0
C188,Heavy Voice Users,Plan1,581.05,1188,27,11.01,211,2,Plan9,599.6400000000001,-18.590000000000146,-3.1993804319766195
C188,Heavy Voice Users,Plan1,581.05,1188,27,11.01,211,3,Plan4,829.0,-247.95000000000005,-42.67274761208159
C189,Balanced High Users,Plan7,594.76,228,259,30.1,152,1,Plan7,594.76,0.0,0.0
C189,Balanced High Users,Plan7,594.76,228,259,30.1,152,2,Plan1,786.74,-191.98000000000002,-32.27856614432712
C189,Balanced High Users,Plan7,594.76,228,259,30.1,152,3,Plan10,866.22,-271.46000000000004,-45.64193960589146
C190,Data-Heavy Users,Plan9,2360.7199999999993,871,256,44.01,35,1,Plan7,730.2099999999999,1630.5099999999993,69.06833508421158
C190,Data-Heavy Users,Plan9,2360.7199999999993,871,256,44.01,35,2,Plan1,883.33,1477.3899999999994,62.582178318479095
C190,Data-Heavy Users,Plan9,2360.7199999999993,871,256,44.01,35,3,Plan10,1655.9299999999998,704.7899999999995,29.854874783964203
C191,Data-Heavy Users,Plan2,844.18,1167,399,14.24,65,1,Plan9,547.42,296.76,35.15364021891066
C191,Data-Heavy Users,Plan2,844.18,1167,399,14.24,65,2,Plan1,590.88,253.29999999999995,30.005449074841856
C191,Data-Heavy Users,Plan2,844.18,1167,399,14.24,65,3,Plan2,844.18,0.0,0.0
C192,Balanced High Users,Plan10,580.4200000000001,508,216,13.27,102,1,Plan1,531.95,48.47000000000003,8.350849384928159
C192,Balanced High Users,Plan10,580.4200000000001,508,216,13.27,102,2,Plan9,536.74,43.680000000000064,7.525584921263922
C192,Balanced High Users,Plan10,580.4200000000001,508,216,13.27,102,3,Plan7,563.26,17.160000000000082,2.9564797904965507
C193,Data-Heavy Users,Plan5,2198.35,453,318,44.79,110,1,Plan7,597.3399999999999,1601.01,72.82780267018445
C193,Data-Heavy Users,Plan5,2198.35,453,318,44.79,110,2,Plan1,958.87,1239.48,56.38228671503628
C193,Data-Heavy Users,Plan5,2198.35,453,318,44.79,110,3,Plan10,1525.14,673.2099999999998,30.62342211203857
C194,Heavy Voice Users,Plan4,931.38,1216,35,23.01,157,1,Plan1,698.17,233.21000000000004,25.03918916017093
C194,Heavy Voice Users,Plan4,931.38,1216,35,23.01,157,2,Plan9,821.7900000000001,109.58999999999992,11.766411131868832
C194,Heavy Voice Users,Plan4,931.38,1216,35,23.01,157,3,Plan4,931.38,0.0,0.0
C195,Heavy Voice Users,Plan9,748.01,1729,156,9.43,71,1,Plan1,459.71000000000004,288.29999999999995,38.54226547773425
C195,Heavy Voice Users,Plan9,748.01,1729,156,9.43,71,2,Plan9,748.01,0.0,0.0
C195,Heavy Voice Users,Plan9,748.01,1729,156,9.43,71,3,Plan4,959.5100000000001,-211.5000000000001,-28.275023061189035
C196,Balanced High Users,Plan10,508.98,173,37,2.8,234,1,Plan1,490.88,18.100000000000023,3.556131871586314
C196,Balanced High Users,Plan10,508.98,173,37,2.8,234,2,Plan2,494.09,14.890000000000043,2.9254587606585805
C196,Balanced High Users,Plan10,508.98,173,37,2.8,234,3,Plan10,508.98,0.0,0.0
C197,Moderate Users,Plan4,1002.28,1618,214,2.62,257,1,Plan1,505.1,497.17999999999995,49.60490082611645
C197,Moderate Users,Plan4,1002.28,1618,214,2.62,257,2,Plan9,775.76,226.51999999999998,22.600470926288065
C197,Moderate Users,Plan4,1002.28,1618,214,2.62,257,3,Plan8,862.8199999999999,139.46000000000004,13.914275451969512
C198,Moderate Users,Plan2,970.28,1509,262,3.16,185,1,Plan1,460.28,510.0,52.562147009110774
C198,Moderate Users,Plan2,970.28,1509,262,3.16,185,2,Plan9,708.7900000000001,261.4899999999999,26.94995259100465
C198,Moderate Users,Plan2,970.28,1509,262,3.16,185,3,Plan5,827.9000000000001,142.37999999999988,14.674114688543503
C199,Heavy Voice Users,Plan2,443.03000000000003,215,11,11.74,54,1,Plan10,424.38,18.650000000000034,4.209647202221076
C199,Heavy Voice Users,Plan2,443.03000000000003,215,11,11.74,54,2,Plan2,443.03000000000003,0.0,0.0
C199,Heavy Voice Users,Plan2,443.03000000000003,215,11,11.74,54,3,Plan1,477.5,-34.46999999999997,-7.780511477778021
C200,Heavy Voice Users,Plan3,1133.3,1789,10,4.33,79,1,Plan1,399.17,734.1299999999999,64.77808170828553
C200,Heavy Voice Users,Plan3,1133.3,1789,10,4.33,79,2,Plan9,773.1700000000001,360.1299999999999,31.77711109150268
C200,Heavy Voice Users,Plan3,1133.3,1789,10,4.33,79,3,Plan8,795.34,337.9599999999999,29.82087708462013
C201,Low Usage,Plan3,1758.0099999999998,550,16,34.87,86,1,Plan7,560.11,1197.8999999999996,68.13954414366242
C201,Low Usage,Plan3,1758.0099999999998,550,16,34.87,86,2,Plan1,801.2299999999999,956.7799999999999,54.42403626828061
C201,Low Usage,Plan3,1758.0099999999998,550,16,34.87,86,3,Plan10,1172.5700000000002,585.4399999999996,33.30128952622566
C202,Balanced High Users,Plan6,863.81,920,308,4.43,223,1,Plan1,507.95,355.85999999999996,41.19655942857804
C202,Balanced High Users,Plan6,863.81,920,308,4.43,223,2,Plan9,581.51,282.29999999999995,32.680797860640645
C202,Balanced High Users,Plan6,863.81,920,308,4.43,223,3,Plan5,721.2,142.6099999999999,16.509417580254908
C203,Balanced High Users,Plan4,805.9200000000001,381,395,17.23,276,1,Plan10,602.51,203.41000000000008,25.23947786380783
C203,Balanced High Users,Plan4,805.9200000000001,381,395,17.23,276,2,Plan9,609.53,196.3900000000001,24.3684236648799
C203,Balanced High Users,Plan4,805.9200000000001,381,395,17.23,276,3,Plan2,628.39,177.5300000000001,22.02824101647807
C204,Low Usage,Plan9,2429.16,143,150,44.87,41,1,Plan7,524.83,1904.33,78.39458907605922
C204,Low Usage,Plan9,2429.16,143,150,44.87,41,2,Plan1,898.8299999999999,1530.33,62.99832040705429
C204,Low Usage,Plan9,2429.16,143,150,44.87,41,3,Plan10,1388.1999999999998,1040.96,42.852673352105256
C205,Low Usage,Plan3,2104.2700000000004,587,58,44.65,9,1,Plan7,534.91,1569.3600000000006,74.57978301263623
C205,Low Usage,Plan3,2104.2700000000004,587,58,44.65,9,2,Plan1,872.93,1231.3400000000006,58.516255043316704
C205,Low Usage,Plan3,2104.2700000000004,587,58,44.65,9,3,Plan4,1531.7099999999998,572.5600000000006,27.2094360514573
C206,Data-Heavy Users,Plan7,1111.1799999999998,1387,373,42.01,20,1,Plan1,899.7299999999999,211.44999999999993,19.029320182148705
C206,Data-Heavy Users,Plan7,1111.1799999999998,1387,373,42.01,20,2,Plan7,1111.1799999999998,0.0,0.0
C206,Data-Heavy Users,Plan7,1111.1799999999998,1387,373,42.01,20,3,Plan4,1756.9599999999998,-645.78,-58.116596771000204
C207,Low Usage,Plan6,3744.87,1511,18,44.56,68,1,Plan1,914.24,2830.63,75.58686950414835
C207,Low Usage,Plan6,3744.87,1511,18,44.56,68,2,Plan7,1154.2,2590.67,69.1791704384932
C207,Low Usage,Plan6,3744.87,1511,18,44.56,68,3,Plan4,1754.5600000000002,1990.3099999999997,53.14763930390106
C208,Balanced High Users,Plan2,699.5799999999999,652,421,9.18,144,1,Plan9,568.23,131.3499999999999,18.77555104491265
C208,Balanced High Users,Plan2,699.5799999999999,652,421,9.18,144,2,Plan1,598.6999999999999,100.88,14.420080619800451
C208,Balanced High Users,Plan2,699.5799999999999,652,421,9.18,144,3,Plan10,667.8399999999999,31.74000000000001,4.537007919037139
C209,Moderate Users,Plan8,2516.04,1547,281,25.77,162,1,Plan1,737.65,1778.3899999999999,70.68210362315384
C209,Moderate Users,Plan8,2516.04,1547,281,25.77,162,2,Plan9,1158.63,1357.4099999999999,53.950255162874996
C209,Moderate Users,Plan8,2516.04,1547,281,25.77,162,3,Plan4,1201.3,1314.74,52.254336179075054
C210,Moderate Users,Plan4,925.41,1341,205,12.99,217,1,Plan1,611.11,314.29999999999995,33.963324364335804
C210,Moderate Users,Plan4,925.41,1341,205,12.99,217,2,Plan9,658.4699999999999,266.94000000000005,28.84559276428827
C210,Moderate Users,Plan4,925.41,1341,205,12.99,217,3,Plan2,919.96,5.449999999999932,0.5889281507655992
C211,Low Usage,Plan8,2942.5,622,91,34.62,170,1,Plan7,658.39,2284.11,77.62480883602379
C211,Low Usage,Plan8,2942.5,622,91,34.62,170,2,Plan1,858.4599999999999,2084.04,70.82548853016142
C211,Low Usage,Plan8,2942.5,622,91,34.62,170,3,Plan4,1225.3899999999999,1717.1100000000001,58.355480033984705
C212,Moderate Users,Plan1,962.85,1240,388,37.57,172,1,Plan1,962.85,0.0,0.0
C212,Moderate Users,Plan1,962.85,1240,388,37.57,172,2,Plan7,1124.23,-161.38,-16.760658461858025
C212,Moderate Users,Plan1,962.85,1240,388,37.57,172,3,Plan4,1604.87,-642.0199999999999,-66.67912966713402
C213,Data-Heavy Users,Plan3,2019.11,1270,430,27.24,94,1,Plan1,804.3199999999999,1214.79,60.16462698911897
C213,Data-Heavy Users,Plan3,2019.11,1270,430,27.24,94,2,Plan7,1121.71,897.3999999999999,44.44532492038571
C213,Data-Heavy Users,Plan3,2019.11,1270,430,27.24,94,3,Plan9,1162.7299999999998,856.3800000000001,42.413736745397735
C214,Heavy Voice Users,Plan7,1370.5900000000001,1782,326,6.07,86,1,Plan1,444.31,926.2800000000002,67.58257392801642
C214,Heavy Voice Users,Plan7,1370.5900000000001,1782,326,6.07,86,2,Plan9,773.1700000000001,597.4200000000001,43.58852756841944
C214,Heavy Voice Users,Plan7,1370.5900000000001,1782,326,6.07,86,3,Plan8,993.9200000000001,376.6700000000001,27.482325130053482
C215,Moderate Users,Plan7,1652.62,1906,487,45.72,241,1,Plan1,1194.44,458.17999999999984,27.724461763744834
C215,Moderate Users,Plan7,1652.62,1906,487,45.72,241,2,Plan7,1652.62,0.0,0.0
C215,Moderate Users,Plan7,1652.62,1906,487,45.72,241,3,Plan4,2110.8799999999997,-458.25999999999976,-27.72930256199246
C216,Balanced High Users,Plan3,1201.14,143,148,19.36,73,1,Plan2,426.01,775.1300000000001,64.53286044923989
C216,Balanced High Users,Plan3,1201.14,143,148,19.36,73,2,Plan10,433.31,767.8300000000002,63.92510448407347
C216,Balanced High Users,Plan3,1201.14,143,148,19.36,73,3,Plan9,526.01,675.1300000000001,56.207436268877906
C217,Low Usage,Plan9,2736.1200000000003,1824,155,45.07,132,1,Plan1,966.9499999999999,1769.1700000000005,64.65981024224085
C217,Low Usage,Plan9,2736.1200000000003,1824,155,45.07,132,2,Plan7,1391.71,1344.4100000000003,49.135637325848286
C217,Low Usage,Plan9,2736.1200000000003,1824,155,45.07,132,3,Plan4,1897.47,838.6500000000003,30.651067935616865
C218,Balanced High Users,Plan2,780.84,951,150,17.64,231,1,Plan9,584.47,196.37,25.148557963219098
C218,Balanced High Users,Plan2,780.84,951,150,17.64,231,2,Plan1,681.6399999999999,99.20000000000016,12.704267199426278
C218,Balanced High Users,Plan2,780.84,951,150,17.64,231,3,Plan2,780.84,0.0,0.0
C219,Balanced High Users,Plan2,1150.28,1006,200,25.65,243,1,Plan1,794.4100000000001,355.8699999999999,30.93768473762909
C219,Balanced High Users,Plan2,1150.28,1006,200,25.65,243,2,Plan7,946.3000000000001,203.9799999999999,17.73307368640678
C219,Balanced High Users,Plan2,1150.28,1006,200,25.65,243,3,Plan9,1023.9599999999999,126.32000000000005,10.981674027193383
C220,Balanced High Users,Plan6,1502.67,582,473,13.47,219,1,Plan9,611.06,891.6100000000001,59.33505027717331
C220,Balanced High Users,Plan6,1502.67,582,473,13.47,219,2,Plan10,670.1899999999999,832.4800000000001,55.400054569532905
C220,Balanced High Users,Plan6,1502.67,582,473,13.47,219,3,Plan2,740.95,761.72,50.69110316969129
C221,Low Usage,Plan10,1544.4800000000002,74,257,48.13,103,1,Plan7,563.89,980.5900000000003,63.48997720915778
C221,Low Usage,Plan10,1544.4800000000002,74,257,48.13,103,2,Plan1,985.85,558.6300000000002,36.16945509168135
C221,Low Usage,Plan10,1544.4800000000002,74,257,48.13,103,3,Plan10,1544.4800000000002,0.0,0.0
C222,Moderate Users,Plan4,1001.8000000000001,1493,353,11.36,114,1,Plan1,553.76,448.0400000000001,44.72349770413256
C222,Moderate Users,Plan4,1001.8000000000001,1493,353,11.36,114,2,Plan9,676.5999999999999,325.20000000000016,32.46156917548414
C222,Moderate Users,Plan4,1001.8000000000001,1493,353,11.36,114,3,Plan2,947.9699999999999,53.830000000000155,5.373328009582766
C223,Heavy Voice Users,Plan6,1112.39,671,247,9.63,45,1,Plan1,443.59,668.8000000000002,60.12279865874379
C223,Heavy Voice Users,Plan6,1112.39,671,247,9.63,45,2,Plan9,515.65,596.7400000000001,53.64485477215726
C223,Heavy Voice Users,Plan6,1112.39,671,247,9.63,45,3,Plan2,608.42,503.97000000000014,45.30515376801302
C224,Low Usage,Plan9,1749.27,275,232,35.43,168,1,Plan7,604.84,1144.4299999999998,65.42329085847238
C224,Low Usage,Plan9,1749.27,275,232,35.43,168,2,Plan1,867.55,881.72,50.4050260966003
C224,Low Usage,Plan9,1749.27,275,232,35.43,168,3,Plan10,1103.7,645.5699999999999,36.90510898832084
C225,Heavy Voice Users,Plan2,1468.4299999999998,1686,62,27.39,136,1,Plan1,739.9899999999999,728.4399999999999,49.60672282642006
C225,Heavy Voice Users,Plan2,1468.4299999999998,1686,62,27.39,136,2,Plan4,1192.33,276.0999999999999,18.802394394012648
C225,Heavy Voice Users,Plan2,1468.4299999999998,1686,62,27.39,136,3,Plan7,1307.2900000000002,161.13999999999965,10.973624891891316
C226,Heavy Voice Users,Plan7,664.09,750,275,10.94,50,1,Plan1,464.22,199.87,30.09682422563207
C226,Heavy Voice Users,Plan7,664.09,750,275,10.94,50,2,Plan9,517.5,146.59000000000003,22.073815296119506
C226,Heavy Voice Users,Plan7,664.09,750,275,10.94,50,3,Plan2,639.5,24.590000000000032,3.702811365929321
C227,Balanced High Users,Plan4,873.78,1134,222,8.64,167,1,Plan1,518.56,355.22,40.653253679415876
C227,Balanced High Users,Plan4,873.78,1134,222,8.64,167,2,Plan9,563.38,310.4,35.52381606354002
C227,Balanced High Users,Plan4,873.78,1134,222,8.64,167,3,Plan5,765.22,108.55999999999995,12.424179999542213
C228,Data-Heavy Users,Plan5,1880.04,1101,494,35.58,3,1,Plan1,895.8599999999999,984.1800000000001,52.34888619391077
C228,Data-Heavy Users,Plan5,1880.04,1101,494,35.58,3,2,Plan7,1000.15,879.89,46.80166379438735
C228,Data-Heavy Users,Plan5,1880.04,1101,494,35.58,3,3,Plan10,1425.26,454.78,24.189910852960576
C229,Moderate Users,Plan5,1638.82,1850,339,16.55,273,1,Plan1,725.0699999999999,913.75,55.756580954589275
C229,Moderate Users,Plan5,1638.82,1850,339,16.55,273,2,Plan9,867.52,771.3,47.064351179507206
C229,Moderate Users,Plan5,1638.82,1850,339,16.55,273,3,Plan4,1114.32,524.5,32.00473511428955
C230,Moderate Users,Plan5,2422.9100000000003,1866,367,37.06,209,1,Plan1,966.9000000000001,1456.0100000000002,60.09344135770623
C230,Moderate Users,Plan5,2422.9100000000003,1866,367,37.06,209,2,Plan7,1528.0600000000002,894.8500000000001,36.93286172412512
C230,Moderate Users,Plan5,2422.9100000000003,1866,367,37.06,209,3,Plan4,1729.7600000000002,693.1500000000001,28.608161260632876
C231,Low Usage,Plan6,2785.6,101,52,33.03,184,1,Plan7,614.92,2170.68,77.92504307869041
C231,Low Usage,Plan6,2785.6,101,52,33.03,184,2,Plan1,847.87,1937.73,69.56239230327398
C231,Low Usage,Plan6,2785.6,101,52,33.03,184,3,Plan10,993.6500000000001,1791.9499999999998,64.32904939689833
C232,Moderate Users,Plan1,920.99,1327,447,27.91,226,1,Plan1,920.99,0.0,0.0
C232,Moderate Users,Plan1,920.99,1327,447,27.91,226,2,Plan7,1252.0,-331.01,-35.94067253716109
C232,Moderate Users,Plan1,920.99,1327,447,27.91,226,3,Plan9,1289.1799999999998,-368.1899999999998,-39.977632764742275
C233,Low Usage,Plan5,2044.42,143,113,41.1,191,1,Plan7,619.33,1425.0900000000001,69.70632257559602
C233,Low Usage,Plan5,2044.42,143,113,41.1,191,2,Plan1,957.82,1086.6,53.14954852721064
C233,Low Usage,Plan5,2044.42,143,113,41.1,191,3,Plan10,1311.67,732.75,35.84146114790503
C234,Moderate Users,Plan8,2001.84,1291,406,19.47,133,1,Plan9,620.49,1381.35,69.0040163049994
C234,Moderate Users,Plan8,2001.84,1291,406,19.47,133,2,Plan1,713.15,1288.69,64.37527474723255
C234,Moderate Users,Plan8,2001.84,1291,406,19.47,133,3,Plan2,920.5400000000001,1081.2999999999997,54.01530591855492
C235,Heavy Voice Users,Plan1,545.0799999999999,1143,200,12.84,128,1,Plan1,545.0799999999999,0.0,0.0
C235,Heavy Voice Users,Plan1,545.0799999999999,1143,200,12.84,128,2,Plan9,552.28,-7.2000000000000455,-1.3209070228223465
C235,Heavy Voice Users,Plan1,545.0799999999999,1143,200,12.84,128,3,Plan2,813.77,-268.69000000000005,-49.29368166140752
C236,Low Usage,Plan5,1966.33,1165,135,40.15,134,1,Plan1,904.4300000000001,1061.8999999999999,54.00416003417534
C236,Low Usage,Plan5,1966.33,1165,135,40.15,134,2,Plan7,977.8,988.53,50.27284331724583
C236,Low Usage,Plan5,1966.33,1165,135,40.15,134,3,Plan4,1560.4399999999998,405.8900000000001,20.642008208184798
C237,Data-Heavy Users,Plan5,1460.87,785,484,23.49,85,1,Plan1,790.1300000000001,670.7399999999998,45.913736335197505
C237,Data-Heavy Users,Plan5,1460.87,785,484,23.49,85,2,Plan9,833.4,627.4699999999999,42.95180269291586
C237,Data-Heavy Users,Plan5,1460.87,785,484,23.49,85,3,Plan10,840.9699999999999,619.9,42.433618323327885
C238,Data-Heavy Users,Plan3,1707.85,1066,319,24.11,16,1,Plan1,623.11,1084.7399999999998,63.514945691951866
C238,Data-Heavy Users,Plan3,1707.85,1066,319,24.11,16,2,Plan9,821.39,886.4599999999999,51.90502678806686
C238,Data-Heavy Users,Plan3,1707.85,1066,319,24.11,16,3,Plan7,870.7900000000001,837.0599999999998,49.012501097871585
C239,Moderate Users,Plan4,1045.87,1948,139,13.57,260,1,Plan1,680.5699999999999,365.29999999999995,34.927859102947785
C239,Moderate Users,Plan4,1045.87,1948,139,13.57,260,2,Plan9,898.97,146.89999999999986,14.045722699761908
C239,Moderate Users,Plan4,1045.87,1948,139,13.57,260,3,Plan4,1045.87,0.0,0.0
C240,Low Usage,Plan4,1431.03,666,80,39.47,282,1,Plan7,756.67,674.36,47.124099424889764
C240,Low Usage,Plan4,1431.03,666,80,39.47,282,2,Plan1,1002.15,428.88,29.970021592838727
C240,Low Usage,Plan4,1431.03,666,80,39.47,282,3,Plan4,1431.03,0.0,0.0
C241,Balanced High Users,Plan9,606.67,915,92,6.7,291,1,Plan1,582.62,24.049999999999955,3.9642639326157476
C241,Balanced High Users,Plan9,606.67,915,92,6.7,291,2,Plan9,606.67,0.0,0.0
C241,Balanced High Users,Plan9,606.67,915,92,6.7,291,3,Plan5,774.8199999999999,-168.14999999999998,-27.7168806764798
C242,Heavy Voice Users,Plan7,786.91,873,20,23.54,123,1,Plan1,680.5799999999999,106.33000000000004,13.512345757456387
C242,Heavy Voice Users,Plan7,786.91,873,20,23.54,123,2,Plan7,786.91,0.0,0.0
C242,Heavy Voice Users,Plan7,786.91,873,20,23.54,123,3,Plan9,817.0899999999999,-30.17999999999995,-3.8352543492902553
C243,Low Usage,Plan10,1571.48,519,50,45.93,48,1,Plan7,529.24,1042.24,66.32219309186245
C243,Low Usage,Plan10,1571.48,519,50,45.93,48,2,Plan1,917.6500000000001,653.8299999999999,41.60600198538956
C243,Low Usage,Plan10,1571.48,519,50,45.93,48,3,Plan4,1571.12,0.36000000000012733,0.022908341181569432
C244,Low Usage,Plan2,918.74,313,143,26.64,147,1,Plan7,591.61,327.13,35.60637394692731
C244,Low Usage,Plan2,918.74,313,143,26.64,147,2,Plan1,738.16,180.58000000000004,19.65517992032567
C244,Low Usage,Plan2,918.74,313,143,26.64,147,3,Plan10,768.88,149.86,16.311470056816944
C245,Balanced High Users,Plan9,582.25,140,217,8.95,225,1,Plan2,482.25,100.0,17.174753112924
C245,Balanced High Users,Plan9,582.25,140,217,8.95,225,2,Plan10,504.75,77.5,13.310433662516102
C245,Balanced High Users,Plan9,582.25,140,217,8.95,225,3,Plan1,564.35,17.899999999999977,3.0742808072133925
C246,Low Usage,Plan1,849.42,1053,110,37.58,104,1,Plan1,849.42,0.0,0.0
C246,Low Usage,Plan1,849.42,1053,110,37.58,104,2,Plan7,888.3399999999999,-38.91999999999996,-4.581950036495487
C246,Low Usage,Plan1,849.42,1053,110,37.58,104,3,Plan4,1424.26,-574.84,-67.67441312895859
C247,Low Usage,Plan4,1183.4199999999996,415,145,34.73,74,1,Plan7,545.62,637.7999999999996,53.894644335907785
C247,Low Usage,Plan4,1183.4199999999996,415,145,34.73,74,2,Plan1,790.77,392.64999999999964,33.179260110527096
C247,Low Usage,Plan4,1183.4199999999996,415,145,34.73,74,3,Plan10,1098.0199999999998,85.39999999999986,7.216372885366133
C248,Balanced High Users,Plan3,1142.6100000000001,316,129,16.35,246,1,Plan2,551.44,591.1700000000001,51.73856346434916
C248,Balanced High Users,Plan3,1142.6100000000001,316,129,16.35,246,2,Plan10,557.86,584.7500000000001,51.17669195963628
C248,Balanced High Users,Plan3,1142.6100000000001,316,129,16.35,246,3,Plan9,590.02,552.5900000000001,48.36208330051374
C249,Low Usage,Plan9,1817.21,213,28,36.0,233,1,Plan7,645.79,1171.42,64.46255523577352
C249,Low Usage,Plan9,1817.21,213,28,36.0,233,2,Plan1,921.76,895.45,49.27608806907292
C249,Low Usage,Plan9,1817.21,213,28,36.0,233,3,Plan10,1132.51,684.7,37.678639232669866
C250,Heavy Voice Users,Plan5,1113.73,1263,186,20.67,5,1,Plan1,558.3100000000001,555.42,49.87025580706275
C250,Heavy Voice Users,Plan5,1113.73,1263,186,20.67,5,2,Plan9,602.7600000000002,510.9699999999998,45.87916281324915
C250,Heavy Voice Users,Plan5,1113.73,1263,186,20.67,5,3,Plan2,853.5300000000001,260.19999999999993,23.36293356558591
C251,Balanced High Users,Plan2,545.78,126,464,4.66,142,1,Plan10,465.74,80.03999999999996,14.665249734325181
C251,Balanced High Users,Plan2,545.78,126,464,4.66,142,2,Plan2,545.78,0.0,0.0
C251,Balanced High Users,Plan2,545.78,126,464,4.66,142,3,Plan1,571.18,-25.399999999999977,-4.65388984572538
C252,Heavy Voice Users,Plan9,531.5600000000001,1142,139,15.93,73,1,Plan9,531.5600000000001,0.0,0.0
C252,Heavy Voice Users,Plan9,531.5600000000001,1142,139,15.93,73,2,Plan1,545.65,-14.089999999999918,-2.650688539393468
C252,Heavy Voice Users,Plan9,531.5600000000001,1142,139,15.93,73,3,Plan2,793.05,-261.4899999999999,-49.19294153058919
C253,Moderate Users,Plan3,1242.4999999999998,1595,249,2.55,245,1,Plan1,495.54999999999995,746.9499999999998,60.11670020120724
C253,Moderate Users,Plan3,1242.4999999999998,1595,249,2.55,245,2,Plan9,762.81,479.6899999999998,38.60684104627766
C253,Moderate Users,Plan3,1242.4999999999998,1595,249,2.55,245,3,Plan8,869.8199999999999,372.67999999999984,29.99436619718309
C254,Balanced High Users,Plan8,926.62,884,276,7.87,119,1,Plan1,473.99,452.63,48.84742397099134
C254,Balanced High Users,Plan8,926.62,884,276,7.87,119,2,Plan9,543.03,383.59000000000003,41.3966890418942
C254,Balanced High Users,Plan8,926.62,884,276,7.87,119,3,Plan2,714.6099999999999,212.0100000000001,22.879929205067892
C255,Balanced High Users,Plan10,477.96000000000004,241,291,13.55,151,1,Plan10,477.96000000000004,0.0,0.0
C255,Balanced High Users,Plan10,477.96000000000004,241,291,13.55,151,2,Plan2,488.54,-10.579999999999984,-2.2135743576868325
C255,Balanced High Users,Plan10,477.96000000000004,241,291,13.55,151,3,Plan9,554.87,-76.90999999999997,-16.091304711691347
C256,Moderate Users,Plan4,1829.55,1308,322,43.8,232,1,Plan1,1036.8799999999999,792.6700000000001,43.325954469678344
C256,Moderate Users,Plan4,1829.55,1308,322,43.8,232,2,Plan7,1161.31,668.24,36.52482850974283
C256,Moderate Users,Plan4,1829.55,1308,322,43.8,232,3,Plan4,1829.55,0.0,0.0
C257,Balanced High Users,Plan7,636.34,321,200,8.41,218,1,Plan2,542.93,93.41000000000008,14.67925951535344
C257,Balanced High Users,Plan7,636.34,321,200,8.41,218,2,Plan10,547.05,89.29000000000008,14.03180689568471
C257,Balanced High Users,Plan7,636.34,321,200,8.41,218,3,Plan1,552.29,84.05000000000007,13.208347738630302
C258,Moderate Users,Plan9,883.43,1895,19,9.03,271,1,Plan1,598.51,284.91999999999996,32.25156492308388
C258,Moderate Users,Plan9,883.43,1895,19,9.03,271,2,Plan9,883.43,0.0,0.0
C258,Moderate Users,Plan9,883.43,1895,19,9.03,271,3,Plan4,1005.4100000000001,-121.98000000000013,-13.807545589350614
C259,Balanced High Users,Plan10,782.47,833,162,20.3,182,1,Plan9,589.44,193.02999999999997,24.66931639551676
C259,Balanced High Users,Plan10,782.47,833,162,20.3,182,2,Plan1,680.9399999999999,101.53000000000009,12.975577338428321
C259,Balanced High Users,Plan10,782.47,833,162,20.3,182,3,Plan2,737.3500000000001,45.11999999999989,5.766355259626553
C260,Low Usage,Plan10,1749.68,1138,68,41.28,194,1,Plan1,962.3199999999999,787.3600000000001,45.00022861323214
C260,Low Usage,Plan10,1749.68,1138,68,41.28,194,2,Plan7,998.59,751.09,42.92727813085821
C260,Low Usage,Plan10,1749.68,1138,68,41.28,194,3,Plan4,1579.67,170.01,9.71663389877006
C261,Moderate Users,Plan2,1228.75,1905,480,14.0,200,1,Plan1,746.52,482.23,39.245574771108856
C261,Moderate Users,Plan2,1228.75,1905,480,14.0,200,2,Plan9,893.92,334.83000000000004,27.249643947100715
C261,Moderate Users,Plan2,1228.75,1905,480,14.0,200,3,Plan4,1172.22,56.52999999999997,4.600610376398777
C262,Moderate Users,Plan8,2365.74,1663,280,23.66,132,1,Plan1,688.6199999999999,1677.12,70.89198305815518
C262,Moderate Users,Plan8,2365.74,1663,280,23.66,132,2,Plan9,1027.9799999999998,1337.76,56.54721144335389
C262,Moderate Users,Plan8,2365.74,1663,280,23.66,132,3,Plan4,1144.68,1221.0599999999997,51.61429404752846
C263,Moderate Users,Plan2,1789.1000000000001,1315,372,34.45,144,1,Plan1,889.9699999999999,899.1300000000002,50.25599463417362
C263,Moderate Users,Plan2,1789.1000000000001,1315,372,34.45,144,2,Plan7,1143.28,645.8200000000002,36.09747917947572
C263,Moderate Users,Plan2,1789.1000000000001,1315,372,34.45,144,3,Plan4,1496.3200000000002,292.78,16.364652618635063
C264,Low Usage,Plan9,2779.93,1515,108,46.97,164,1,Plan1,1014.69,1765.2399999999998,63.49944063339724
C264,Low Usage,Plan9,2779.93,1515,108,46.97,164,2,Plan7,1217.2,1562.7299999999998,56.21472483120078
C264,Low Usage,Plan9,2779.93,1515,108,46.97,164,3,Plan4,1881.48,898.4499999999998,32.319159115517294
C265,Moderate Users,Plan2,1574.7399999999998,1855,164,27.95,162,1,Plan1,765.9899999999999,808.7499999999999,51.35768444314617
C265,Moderate Users,Plan2,1574.7399999999998,1855,164,27.95,162,2,Plan4,1299.1399999999999,275.5999999999999,17.501301802202267
C265,Moderate Users,Plan2,1574.7399999999998,1855,164,27.95,162,3,Plan7,1430.1399999999999,144.5999999999999,9.182468216975497
C266,Low Usage,Plan3,2286.31,1409,61,39.43,149,1,Plan1,905.8699999999999,1380.44,60.3785138498279
C266,Low Usage,Plan3,2286.31,1409,61,39.43,149,2,Plan7,1140.9699999999998,1145.3400000000001,50.09556884237046
C266,Low Usage,Plan3,2286.31,1409,61,39.43,149,3,Plan4,1565.05,721.26,31.54690308838259
C267,Data-Heavy Users,Plan3,2732.21,1260,464,46.87,3,1,Plan1,1019.8299999999999,1712.38,62.67380618620092
C267,Data-Heavy Users,Plan3,2732.21,1260,464,46.87,3,2,Plan7,1080.5200000000002,1651.6899999999998,60.45252744115569
C267,Data-Heavy Users,Plan3,2732.21,1260,464,46.87,3,3,Plan10,1935.26,796.95,29.168694939261623
C268,Data-Heavy Users,Plan8,2344.94,309,481,25.51,123,1,Plan10,713.05,1631.89,69.59197250249474
C268,Data-Heavy Users,Plan8,2344.94,309,481,25.51,123,2,Plan7,713.11,1631.83,69.58941380163245
C268,Data-Heavy Users,Plan8,2344.94,309,481,25.51,123,3,Plan1,841.47,1503.47,64.11549975692343
C269,Low Usage,Plan1,740.02,327,137,27.06,142,1,Plan7,588.46,151.55999999999995,20.480527553309365
C269,Low Usage,Plan1,740.02,327,137,27.06,142,2,Plan1,740.02,0.0,0.0
C269,Low Usage,Plan1,740.02,327,137,27.06,142,3,Plan10,789.49,-49.47000000000003,-6.684954460690255
C270,Data-Heavy Users,Plan1,952.3899999999999,191,343,47.87,19,1,Plan7,556.51,395.8799999999999,41.567005113451415
C270,Data-Heavy Users,Plan1,952.3899999999999,191,343,47.87,19,2,Plan1,952.3899999999999,0.0,0.0
C270,Data-Heavy Users,Plan1,952.3899999999999,191,343,47.87,19,3,Plan10,1494.86,-542.47,-56.958808891315535
C271,Heavy Voice Users,Plan5,831.04,1520,134,7.44,89,1,Plan1,446.8,384.23999999999995,46.2360415864459
C271,Heavy Voice Users,Plan5,831.04,1520,134,7.44,89,2,Plan9,677.3399999999999,153.70000000000005,18.494897959183678
C271,Heavy Voice Users,Plan5,831.04,1520,134,7.44,89,3,Plan5,831.04,0.0,0.0
C272,Heavy Voice Users,Plan6,1244.47,1832,399,5.36,27,1,Plan1,448.08000000000004,796.39,63.99431083111686
C272,Heavy Voice Users,Plan6,1244.47,1832,399,5.36,27,2,Plan9,779.4100000000001,465.05999999999995,37.3701254349241
C272,Heavy Voice Users,Plan6,1244.47,1832,399,5.36,27,3,Plan8,965.8000000000002,278.66999999999985,22.39266515062636
C273,Heavy Voice Users,Plan9,1168.6699999999998,1999,31,24.06,93,1,Plan1,733.4200000000001,435.2499999999998,37.24319097777815
C273,Heavy Voice Users,Plan9,1168.6699999999998,1999,31,24.06,93,2,Plan4,1134.55,34.11999999999989,2.919558130182164
C273,Heavy Voice Users,Plan9,1168.6699999999998,1999,31,24.06,93,3,Plan9,1168.6699999999998,0.0,0.0
C274,Heavy Voice Users,Plan5,1303.57,1727,46,13.63,203,1,Plan1,609.35,694.2199999999999,53.255291238675326
C274,Heavy Voice Users,Plan5,1303.57,1727,46,13.63,203,2,Plan9,796.11,507.4599999999999,38.92848101751344
C274,Heavy Voice Users,Plan5,1303.57,1727,46,13.63,203,3,Plan4,951.1300000000001,352.4399999999998,27.03652277975098
C275,Moderate Users,Plan9,1069.7900000000002,1444,487,24.42,211,1,Plan1,895.22,174.57000000000016,16.31815589975604
C275,Moderate Users,Plan9,1069.7900000000002,1444,487,24.42,211,2,Plan9,1069.7900000000002,0.0,0.0
C275,Moderate Users,Plan9,1069.7900000000002,1444,487,24.42,211,3,Plan4,1230.92,-161.12999999999988,-15.061834565662405
C276,Moderate Users,Plan2,1045.76,1745,292,12.59,153,1,Plan1,559.8299999999999,485.93000000000006,46.46668451652388
C276,Moderate Users,Plan2,1045.76,1745,292,12.59,153,2,Plan9,784.27,261.49,25.004781211750306
C276,Moderate Users,Plan2,1045.76,1745,292,12.59,153,3,Plan4,1041.89,3.869999999999891,0.3700657894736738
C277,Low Usage,Plan4,1291.9900000000002,1114,188,32.09,178,1,Plan1,831.33,460.6600000000002,35.65507472968058
C277,Low Usage,Plan4,1291.9900000000002,1114,188,32.09,178,2,Plan7,973.39,318.60000000000025,24.659633588495282
C277,Low Usage,Plan4,1291.9900000000002,1114,188,32.09,178,3,Plan4,1291.9900000000002,0.0,0.0
C278,Balanced High Users,Plan9,632.3,496,485,12.01,267,1,Plan9,632.3,0.0,0.0
C278,Balanced High Users,Plan9,632.3,496,485,12.01,267,2,Plan10,654.85,-22.550000000000068,-3.566345089356329
C278,Balanced High Users,Plan9,632.3,496,485,12.01,267,3,Plan2,736.01,-103.71000000000004,-16.40202435552745
C279,Low Usage,Plan6,2786.0,387,34,33.73,104,1,Plan7,564.52,2221.48,79.73725771715722
C279,Low Usage,Plan6,2786.0,387,34,33.73,104,2,Plan1,799.37,1986.63,71.30760947595118
C279,Low Usage,Plan6,2786.0,387,34,33.73,104,3,Plan10,1059.96,1726.04,61.954055994257
C280,Heavy Voice Users,Plan6,623.97,252,60,2.43,47,1,Plan1,351.43,272.54,43.678381973492314
C280,Heavy Voice Users,Plan6,623.97,252,60,2.43,47,2,Plan10,434.25,189.72000000000003,30.40530794749748
C280,Heavy Voice Users,Plan6,623.97,252,60,2.43,47,3,Plan2,454.13,169.84000000000003,27.219257336089882
C281,Heavy Voice Users,Plan5,1182.97,749,22,21.43,60,1,Plan1,607.79,575.1800000000001,48.62168947648715
C281,Heavy Voice Users,Plan5,1182.97,749,22,21.43,60,2,Plan9,631.3100000000001,551.66,46.63347337633245
C281,Heavy Voice Users,Plan5,1182.97,749,22,21.43,60,3,Plan7,669.0999999999999,513.8700000000001,43.43897140248697
C282,Moderate Users,Plan3,1392.3400000000001,1759,436,1.84,96,1,Plan1,480.12,912.2200000000001,65.5170432509301
C282,Moderate Users,Plan3,1392.3400000000001,1759,436,1.84,96,2,Plan9,788.66,603.6800000000002,43.35722596492237
C282,Moderate Users,Plan3,1392.3400000000001,1759,436,1.84,96,3,Plan8,951.66,440.6800000000002,31.650315296551142
C283,Data-Heavy Users,Plan4,857.94,664,462,17.55,109,1,Plan9,567.1700000000001,290.77,33.89164743455253
C283,Data-Heavy Users,Plan4,857.94,664,462,17.55,109,2,Plan10,657.03,200.91000000000008,23.41772151898735
C283,Data-Heavy Users,Plan4,857.94,664,462,17.55,109,3,Plan1,713.47,144.47000000000003,16.839172902533978
C284,Heavy Voice Users,Plan5,517.69,307,231,2.83,12,1,Plan1,331.43,186.26000000000005,35.9790608279086
C284,Heavy Voice Users,Plan5,517.69,307,231,2.83,12,2,Plan10,443.65,74.04000000000008,14.30199540265411
C284,Heavy Voice Users,Plan5,517.69,307,231,2.83,12,3,Plan2,461.53,56.16000000000008,10.848191002337321
C285,Heavy Voice Users,Plan4,932.03,1717,81,4.11,107,1,Plan1,416.47,515.56,55.31581601450597
C285,Heavy Voice Users,Plan4,932.03,1717,81,4.11,107,2,Plan9,756.89,175.14,18.79124062530176
C285,Heavy Voice Users,Plan4,932.03,1717,81,4.11,107,3,Plan8,795.74,136.28999999999996,14.622919863094532
C286,Low Usage,Plan2,2062.31,306,165,44.55,292,1,Plan7,682.96,1379.35,66.88373716851491
C286,Low Usage,Plan2,2062.31,306,165,44.55,292,2,Plan1,1075.3899999999999,986.9200000000001,47.85507513419419
C286,Low Usage,Plan2,2062.31,306,165,44.55,292,3,Plan10,1532.23,530.0799999999999,25.70321629628911
C287,Balanced High Users,Plan1,571.47,960,36,6.23,284,1,Plan1,571.47,0.0,0.0
C287,Balanced High Users,Plan1,571.47,960,36,6.23,284,2,Plan9,604.08,-32.610000000000014,-5.706336290618933
C287,Balanced High Users,Plan1,571.47,960,36,6.23,284,3,Plan5,751.45,-179.98000000000002,-31.49421666929148
C288,Heavy Voice Users,Plan9,512.32,955,67,0.59,36,1,Plan1,324.92,187.40000000000003,36.57870081199251
C288,Heavy Voice Users,Plan9,512.32,955,67,0.59,36,2,Plan9,512.32,0.0,0.0
C288,Heavy Voice Users,Plan9,512.32,955,67,0.59,36,3,Plan6,520.24,-7.919999999999959,-1.5459088069956197
C289,Low Usage,Plan6,3620.5099999999998,274,290,44.64,261,1,Plan7,673.99,2946.5199999999995,81.38411439272367
C289,Low Usage,Plan6,3620.5099999999998,274,290,44.64,261,2,Plan1,1054.24,2566.2699999999995,70.8814504033962
C289,Low Usage,Plan6,3620.5099999999998,274,290,44.64,261,3,Plan10,1506.13,2114.3799999999997,58.40005966010313
C290,Heavy Voice Users,Plan10,1018.93,1511,128,6.6,32,1,Plan1,394.84000000000003,624.0899999999999,61.249546092469544
C290,Heavy Voice Users,Plan10,1018.93,1511,128,6.6,32,2,Plan9,652.92,366.01,35.92101518259351
C290,Heavy Voice Users,Plan10,1018.93,1511,128,6.6,32,3,Plan5,750.7599999999999,268.1700000000001,26.31878539251961
C291,Low Usage,Plan10,1855.1799999999998,823,121,46.54,297,1,Plan7,865.03,990.1499999999999,53.37217951896851
C291,Low Usage,Plan10,1855.1799999999998,823,121,46.54,297,2,Plan1,1104.86,750.3199999999999,40.44459297750084
C291,Low Usage,Plan10,1855.1799999999998,823,121,46.54,297,3,Plan4,1743.1499999999999,112.02999999999997,6.038767127718065
C292,Balanced High Users,Plan10,523.55,294,466,19.7,195,1,Plan10,523.55,0.0,0.0
C292,Balanced High Users,Plan10,523.55,294,466,19.7,195,2,Plan9,600.15,-76.60000000000002,-14.6308853022634
C292,Balanced High Users,Plan10,523.55,294,466,19.7,195,3,Plan2,620.1899999999999,-96.63999999999999,-18.458599942698882
C293,Balanced High Users,Plan5,1061.95,512,468,10.01,276,1,Plan9,630.7,431.25,40.60925655633504
C293,Balanced High Users,Plan5,1061.95,512,468,10.01,276,2,Plan10,664.08,397.87,37.4659823908847
C293,Balanced High Users,Plan5,1061.95,512,468,10.01,276,3,Plan2,732.34,329.61,31.038184471961955
C294,Data-Heavy Users,Plan9,1187.81,87,328,28.59,74,1,Plan7,581.26,606.55,51.06456419797779
C294,Data-Heavy Users,Plan9,1187.81,87,328,28.59,74,2,Plan1,729.95,457.8599999999999,38.546568895698805
C294,Data-Heavy Users,Plan9,1187.81,87,328,28.59,74,3,Plan10,768.79,419.02,35.276685665215815
C295,Moderate Users,Plan3,1422.2200000000003,1812,412,3.88,167,1,Plan1,539.52,882.7000000000003,62.0649407264699
C295,Moderate Users,Plan3,1422.2200000000003,1812,412,3.88,167,2,Plan9,827.58,594.6400000000002,41.810690329203645
C295,Moderate Users,Plan3,1422.2200000000003,1812,412,3.88,167,3,Plan8,968.86,453.36000000000024,31.876924807695023
C296,Data-Heavy Users,Plan8,3256.3599999999997,1887,478,33.47,11,1,Plan1,862.03,2394.33,73.52780405114913
C296,Data-Heavy Users,Plan8,3256.3599999999997,1887,478,33.47,11,2,Plan7,1489.8100000000002,1766.5499999999995,54.24922305887554
C296,Data-Heavy Users,Plan8,3256.3599999999997,1887,478,33.47,11,3,Plan4,1608.6499999999999,1647.7099999999998,50.59974941345552
C297,Data-Heavy Users,Plan1,580.0600000000001,273,313,19.1,53,1,Plan10,446.94,133.12000000000006,22.949350067234434
C297,Data-Heavy Users,Plan1,580.0600000000001,273,313,19.1,53,2,Plan2,464.12,115.94000000000005,19.987587490949217
C297,Data-Heavy Users,Plan1,580.0600000000001,273,313,19.1,53,3,Plan9,518.61,61.450000000000045,10.59373168292936
C298,Moderate Users,Plan7,1575.43,1804,497,33.64,210,1,Plan1,1021.96,553.47,35.13136096176917
C298,Moderate Users,Plan7,1575.43,1804,497,33.64,210,2,Plan7,1575.43,0.0,0.0
C298,Moderate Users,Plan7,1575.43,1804,497,33.64,210,3,Plan4,1649.81,-74.37999999999988,-4.721250706156407
C299,Data-Heavy Users,Plan9,1467.67,719,428,31.77,120,1,Plan7,789.64,678.0300000000001,46.19771474514026
C299,Data-Heavy Users,Plan9,1467.67,719,428,31.77,120,2,Plan1,880.41,587.2600000000001,40.01308195984111
C299,Data-Heavy Users,Plan9,1467.67,719,428,31.77,120,3,Plan10,1147.08,320.59000000000015,21.843466174276244
C300,Balanced High Users,Plan10,697.45,684,371,10.96,175,1,Plan9,565.2,132.25,18.9619327550362
C300,Balanced High Users,Plan10,697.45,684,371,10.96,175,2,Plan1,606.1600000000001,91.28999999999996,13.089110330489634
C300,Balanced High Users,Plan10,697.45,684,371,10.96,175,3,Plan2,684.8899999999999,12.560000000000173,1.800845938776998
C301,Moderate Users,Plan7,1091.23,1228,338,38.38,184,1,Plan1,944.0200000000001,147.20999999999992,13.490281608826729
C301,Moderate Users,Plan7,1091.23,1228,338,38.38,184,2,Plan7,1091.23,0.0,0.0
C301,Moderate Users,Plan7,1091.23,1228,338,38.38,184,3,Plan4,1612.03,-520.8,-47.72596061325293
C302,Heavy Voice Users,Plan4,1251.93,1352,174,30.65,18,1,Plan1,697.4100000000001,554.52,44.29321128178093
C302,Heavy Voice Users,Plan4,1251.93,1352,174,30.65,18,2,Plan7,1022.5300000000001,229.39999999999998,18.323708194547617
C302,Heavy Voice Users,Plan4,1251.93,1352,174,30.65,18,3,Plan4,1251.93,0.0,0.0
C303,Balanced High Users,Plan8,672.1800000000001,768,31,5.82,242,1,Plan1,535.9,136.2800000000001,20.274331280311834
C303,Balanced High Users,Plan8,672.1800000000001,768,31,5.82,242,2,Plan9,588.54,83.6400000000001,12.443095599393034
C303,Balanced High Users,Plan8,672.1800000000001,768,31,5.82,242,3,Plan8,672.1800000000001,0.0,0.0
C304,Data-Heavy Users,Plan7,517.21,133,293,29.14,9,1,Plan7,517.21,0.0,0.0
C304,Data-Heavy Users,Plan7,517.21,133,293,29.14,9,2,Plan1,671.3,-154.08999999999992,-29.792540747471996
C304,Data-Heavy Users,Plan7,517.21,133,293,29.14,9,3,Plan10,759.69,-242.48000000000002,-46.882310860192185
C305,Moderate Users,Plan4,1413.44,1294,338,32.18,225,1,Plan1,892.94,520.5,36.82505093955173
C305,Moderate Users,Plan4,1413.44,1294,338,32.18,225,2,Plan7,1158.6399999999999,254.80000000000018,18.02694136291602
C305,Moderate Users,Plan4,1413.44,1294,338,32.18,225,3,Plan4,1413.44,0.0,0.0
C306,Heavy Voice Users,Plan1,614.8000000000001,887,78,24.96,6,1,Plan1,614.8000000000001,0.0,0.0
C306,Heavy Voice Users,Plan1,614.8000000000001,887,78,24.96,6,2,Plan7,722.02,-107.21999999999991,-17.43981782693557
C306,Heavy Voice Users,Plan1,614.8000000000001,887,78,24.96,6,3,Plan9,883.1400000000001,-268.34000000000003,-43.64671437865973
C307,Low Usage,Plan1,993.77,1327,57,40.21,257,1,Plan1,993.77,0.0,0.0
C307,Low Usage,Plan1,993.77,1327,57,40.21,257,2,Plan7,1157.3500000000001,-163.58000000000015,-16.4605492216509
C307,Low Usage,Plan1,993.77,1327,57,40.21,257,3,Plan4,1599.11,-605.3399999999999,-60.91349104923673
C308,Heavy Voice Users,Plan9,706.2,1685,119,10.19,2,1,Plan1,419.91,286.29,40.53950722175021
C308,Heavy Voice Users,Plan9,706.2,1685,119,10.19,2,2,Plan9,706.2,0.0,0.0
C308,Heavy Voice Users,Plan9,706.2,1685,119,10.19,2,3,Plan4,917.24,-211.03999999999996,-29.883885584820156
C309,Data-Heavy Users,Plan4,1649.7600000000002,718,331,43.43,81,1,Plan7,700.42,949.3400000000003,57.54412763068568
C309,Data-Heavy Users,Plan4,1649.7600000000002,718,331,43.43,81,2,Plan1,930.19,719.5700000000002,43.616647269905926
C309,Data-Heavy Users,Plan4,1649.7600000000002,718,331,43.43,81,3,Plan10,1583.0199999999998,66.74000000000046,4.045436912035718
C310,Heavy Voice Users,Plan7,922.99,1208,162,12.12,4,1,Plan1,446.44,476.55,51.63111192970672
C310,Heavy Voice Users,Plan7,922.99,1208,162,12.12,4,2,Plan9,530.45,392.53999999999996,42.52917149698263
C310,Heavy Voice Users,Plan7,922.99,1208,162,12.12,4,3,Plan5,779.56,143.43000000000006,15.53971332300459
C311,Moderate Users,Plan3,2652.2700000000004,1762,315,40.59,186,1,Plan1,956.71,1695.5600000000004,63.928634716676655
C311,Moderate Users,Plan3,2652.2700000000004,1762,315,40.59,186,2,Plan7,1413.73,1238.5400000000004,46.697357358036705
C311,Moderate Users,Plan3,2652.2700000000004,1762,315,40.59,186,3,Plan4,1804.7500000000002,847.5200000000002,31.954514434804903
C312,Low Usage,Plan8,2649.08,684,120,30.47,228,1,Plan7,733.99,1915.09,72.29264499373367
C312,Low Usage,Plan8,2649.08,684,120,30.47,228,2,Plan1,846.27,1802.81,68.05419239887055
C312,Low Usage,Plan8,2649.08,684,120,30.47,228,3,Plan4,1116.35,1532.73,57.85895480695184
C313,Heavy Voice Users,Plan4,1509.9299999999998,1948,96,34.63,70,1,Plan1,817.5500000000001,692.3799999999998,45.85510586583483
C313,Heavy Voice Users,Plan4,1509.9299999999998,1948,96,34.63,70,2,Plan7,1430.77,79.15999999999985,5.242627141655564
C313,Heavy Voice Users,Plan4,1509.9299999999998,1948,96,34.63,70,3,Plan4,1509.9299999999998,0.0,0.0
C314,Heavy Voice Users,Plan6,1743.0000000000002,649,224,18.6,80,1,Plan9,528.6,1214.4,69.67297762478485
C314,Heavy Voice Users,Plan6,1743.0000000000002,649,224,18.6,80,2,Plan1,585.4,1157.6000000000004,66.4142283419392
C314,Heavy Voice Users,Plan6,1743.0000000000002,649,224,18.6,80,3,Plan2,613.23,1129.7700000000002,64.81755593803787
C315,Data-Heavy Users,Plan9,1973.9399999999998,1611,356,36.69,29,1,Plan1,824.13,1149.81,58.249490865983766
C315,Data-Heavy Users,Plan9,1973.9399999999998,1611,356,36.69,29,2,Plan7,1246.75,727.1899999999998,36.839518931679784
C315,Data-Heavy Users,Plan9,1973.9399999999998,1611,356,36.69,29,3,Plan4,1611.55,362.3899999999999,18.358714043993228
C316,Heavy Voice Users,Plan10,691.34,819,352,2.32,27,1,Plan1,372.84,318.50000000000006,46.06995110943964
C316,Heavy Voice Users,Plan10,691.34,819,352,2.32,27,2,Plan9,508.99,182.35000000000002,26.37631266815171
C316,Heavy Voice Users,Plan10,691.34,819,352,2.32,27,3,Plan6,604.6899999999999,86.65000000000009,12.533630341076762
C317,Balanced High Users,Plan9,610.06,265,467,3.63,221,1,Plan10,522.14,87.91999999999996,14.411697210110475
C317,Balanced High Users,Plan9,610.06,265,467,3.63,221,2,Plan9,610.06,0.0,0.0
C317,Balanced High Users,Plan9,610.06,265,467,3.63,221,3,Plan1,616.95,-6.8900000000001,-1.1293971084811494
C318,Balanced High Users,Plan10,490.65,208,219,14.88,195,1,Plan10,490.65,0.0,0.0
C318,Balanced High Users,Plan10,490.65,208,219,14.88,195,2,Plan2,492.61,-1.9600000000000364,-0.39947009069602296
C318,Balanced High Users,Plan10,490.65,208,219,14.88,195,3,Plan9,571.15,-80.5,-16.406807296443493
C319,Low Usage,Plan5,2112.73,1282,165,45.51,45,1,Plan1,910.03,1202.7,56.92634648061986
C319,Low Usage,Plan5,2112.73,1282,165,45.51,45,2,Plan7,995.4399999999999,1117.29,52.88370970261226
C319,Low Usage,Plan5,2112.73,1282,165,45.51,45,3,Plan4,1773.04,339.69000000000005,16.0782494686969
C320,Heavy Voice Users,Plan6,1326.95,1766,90,6.92,53,1,Plan1,414.12,912.83,68.79158973586044
C320,Heavy Voice Users,Plan6,1326.95,1766,90,6.92,53,2,Plan9,755.0400000000001,571.91,43.099589283695686
C320,Heavy Voice Users,Plan6,1326.95,1766,90,6.92,53,3,Plan4,934.8400000000001,392.1099999999999,29.549719281058056
C321,Low Usage,Plan8,2258.6600000000003,132,55,26.41,213,1,Plan7,633.19,1625.4700000000003,71.96612150567151
C321,Low Usage,Plan8,2258.6600000000003,132,55,26.41,213,2,Plan10,749.1,1509.5600000000004,66.83431769279132
C321,Low Usage,Plan8,2258.6600000000003,132,55,26.41,213,3,Plan1,782.6899999999999,1475.9700000000003,65.34715273657832
C322,Balanced High Users,Plan6,927.4199999999998,84,283,5.27,234,1,Plan2,485.58,441.83999999999986,47.64184511871643
C322,Balanced High Users,Plan6,927.4199999999998,84,283,5.27,234,2,Plan10,508.98,418.4399999999998,45.11871643915377
C322,Balanced High Users,Plan6,927.4199999999998,84,283,5.27,234,3,Plan1,522.99,404.42999999999984,43.60807401177459
C323,Moderate Users,Plan4,1047.7,1782,289,14.2,147,1,Plan1,576.44,471.26,44.98043333015176
C323,Moderate Users,Plan4,1047.7,1782,289,14.2,147,2,Plan9,795.74,251.96000000000004,24.048868951035605
C323,Moderate Users,Plan4,1047.7,1782,289,14.2,147,3,Plan4,1047.7,0.0,0.0
C324,Data-Heavy Users,Plan1,886.59,213,385,40.63,14,1,Plan7,581.08,305.51,34.458994574718865
C324,Data-Heavy Users,Plan1,886.59,213,385,40.63,14,2,Plan1,886.59,0.0,0.0
C324,Data-Heavy Users,Plan1,886.59,213,385,40.63,14,3,Plan10,1210.15,-323.56000000000006,-36.494884896062445
C325,Moderate Users,Plan4,1473.7600000000002,1273,382,33.42,230,1,Plan1,946.1,527.6600000000002,35.80365866898275
C325,Moderate Users,Plan4,1473.7600000000002,1273,382,33.42,230,2,Plan7,1177.6000000000001,296.1600000000001,20.095537943762896
C325,Moderate Users,Plan4,1473.7600000000002,1273,382,33.42,230,3,Plan4,1473.7600000000002,0.0,0.0
C326,Low Usage,Plan6,3547.54,759,142,44.53,150,1,Plan7,732.1,2815.44,79.36316433359455
C326,Low Usage,Plan6,3547.54,759,142,44.53,150,2,Plan1,972.89,2574.65,72.57564396736895
C326,Low Usage,Plan6,3547.54,759,142,44.53,150,3,Plan4,1631.5,1916.04,54.01038466091996
C327,Moderate Users,Plan4,1063.49,1785,316,2.2,161,1,Plan1,440.40000000000003,623.0899999999999,58.5891733819782
C327,Moderate Users,Plan4,1063.49,1785,316,2.2,161,2,Plan9,802.0300000000001,261.4599999999999,24.585092478537636
C327,Moderate Users,Plan4,1063.49,1785,316,2.2,161,3,Plan8,921.2799999999999,142.21000000000015,13.372011020319905
C328,Moderate Users,Plan1,971.9099999999999,1604,461,29.79,248,1,Plan1,971.9099999999999,0.0,0.0
C328,Moderate Users,Plan1,971.9099999999999,1604,461,29.79,248,2,Plan7,1449.6100000000001,-477.7000000000003,-49.15064152030541
C328,Moderate Users,Plan1,971.9099999999999,1604,461,29.79,248,3,Plan4,1458.1100000000001,-486.2000000000003,-50.02520809539982
C329,Data-Heavy Users,Plan1,869.06,370,442,34.62,38,1,Plan7,633.82,235.2399999999999,27.06832669781142
C329,Data-Heavy Users,Plan1,869.06,370,442,34.62,38,2,Plan1,869.06,0.0,0.0
C329,Data-Heavy Users,Plan1,869.06,370,442,34.62,38,3,Plan10,1055.6599999999999,-186.5999999999999,-21.471474926932537
C330,Heavy Voice Users,Plan6,2889.3999999999996,1859,17,28.83,83,1,Plan1,720.55,2168.8499999999995,75.06229667058903
C330,Heavy Voice Users,Plan6,2889.3999999999996,1859,17,28.83,83,2,Plan4,1271.7699999999998,1617.6299999999999,55.98497958053576
C330,Heavy Voice Users,Plan6,2889.3999999999996,1859,17,28.83,83,3,Plan7,1382.8899999999999,1506.5099999999998,52.13919844950509
C331,Data-Heavy Users,Plan2,2075.3900000000003,685,421,42.53,115,1,Plan7,760.45,1314.9400000000003,63.358694028592225
C331,Data-Heavy Users,Plan2,2075.3900000000003,685,421,42.53,115,2,Plan1,1011.3699999999999,1064.0200000000004,51.268436293901395
C331,Data-Heavy Users,Plan2,2075.3900000000003,685,421,42.53,115,3,Plan10,1548.39,527.0000000000002,25.392817735461776
C332,Low Usage,Plan8,4361.64,1692,148,49.31,100,1,Plan1,999.03,3362.6100000000006,77.09508350070158
C332,Low Usage,Plan8,4361.64,1692,148,49.31,100,2,Plan7,1288.3899999999999,3073.2500000000005,70.46088168670501
C332,Low Usage,Plan8,4361.64,1692,148,49.31,100,3,Plan4,2009.31,2352.3300000000004,53.93223649819793
C333,Data-Heavy Users,Plan7,954.55,1064,339,49.2,130,1,Plan7,954.55,0.0,0.0
C333,Data-Heavy Users,Plan7,954.55,1064,339,49.2,130,2,Plan1,1046.56,-92.00999999999999,-9.639096956681158
C333,Data-Heavy Users,Plan7,954.55,1064,339,49.2,130,3,Plan4,1951.8500000000001,-997.3000000000002,-104.47855010214239
C334,Data-Heavy Users,Plan5,1791.9700000000003,1397,321,33.82,20,1,Plan1,753.74,1038.2300000000002,57.937911907007376
C334,Data-Heavy Users,Plan5,1791.9700000000003,1397,321,33.82,20,2,Plan7,1083.1599999999999,708.8100000000004,39.554791653878155
C334,Data-Heavy Users,Plan5,1791.9700000000003,1397,321,33.82,20,3,Plan4,1441.54,350.4300000000003,19.555572916957328
C335,Moderate Users,Plan4,1763.63,1636,297,40.69,152,1,Plan1,924.4100000000001,839.22,47.58481087302892
C335,Moderate Users,Plan4,1763.63,1636,297,40.69,152,2,Plan7,1301.0500000000002,462.5799999999999,26.228857526805506
C335,Moderate Users,Plan4,1763.63,1636,297,40.69,152,3,Plan4,1763.63,0.0,0.0
C336,Data-Heavy Users,Plan2,935.0500000000001,1427,410,11.31,28,1,Plan1,534.51,400.5400000000001,42.83621196727449
C336,Data-Heavy Users,Plan2,935.0500000000001,1427,410,11.31,28,2,Plan9,633.12,301.93000000000006,32.29025185818941
C336,Data-Heavy Users,Plan2,935.0500000000001,1427,410,11.31,28,3,Plan2,935.0500000000001,0.0,0.0
C337,Data-Heavy Users,Plan5,2278.4700000000003,1896,416,35.45,20,1,Plan1,847.13,1431.3400000000001,62.82022585331385
C337,Data-Heavy Users,Plan5,2278.4700000000003,1896,416,35.45,20,2,Plan7,1460.2299999999998,818.2400000000005,35.91181801823155
C337,Data-Heavy Users,Plan5,2278.4700000000003,1896,416,35.45,20,3,Plan4,1656.79,621.6800000000003,27.284976321830012
C338,Balanced High Users,Plan5,1457.3,424,217,25.29,231,1,Plan7,644.53,812.77,55.77231867151582
C338,Balanced High Users,Plan5,1457.3,424,217,25.29,231,2,Plan1,781.0899999999999,676.21,46.40156453715776
C338,Balanced High Users,Plan5,1457.3,424,217,25.29,231,3,Plan10,807.8799999999999,649.4200000000001,44.5632333767927
C339,Balanced High Users,Plan7,1010.5600000000001,1073,147,6.96,278,1,Plan1,576.64,433.9200000000001,42.93856871437619
C339,Balanced High Users,Plan7,1010.5600000000001,1073,147,6.96,278,2,Plan9,601.86,408.70000000000005,40.4429227359088
C339,Balanced High Users,Plan7,1010.5600000000001,1073,147,6.96,278,3,Plan5,775.6,234.96000000000004,23.250474984167198
C340,Data-Heavy Users,Plan10,925.4,1243,370,19.05,101,1,Plan9,580.4499999999999,344.95000000000005,37.275772638858875
C340,Data-Heavy Users,Plan10,925.4,1243,370,19.05,101,2,Plan1,657.2900000000001,268.1099999999999,28.972336287011014
C340,Data-Heavy Users,Plan10,925.4,1243,370,19.05,101,3,Plan2,863.5799999999999,61.82000000000005,6.6803544413226765
C341,Moderate Users,Plan3,1975.68,1976,291,19.62,274,1,Plan1,789.46,1186.22,60.041099773242635
C341,Moderate Users,Plan3,1975.68,1976,291,19.62,274,2,Plan9,914.51,1061.17,53.71163346290897
C341,Moderate Users,Plan3,1975.68,1976,291,19.62,274,3,Plan4,1122.41,853.27,43.1886742792355
C342,Data-Heavy Users,Plan1,593.24,345,476,12.8,13,1,Plan10,461.98,131.26,22.12595239700627
C342,Data-Heavy Users,Plan1,593.24,345,476,12.8,13,2,Plan9,535.7099999999999,57.530000000000086,9.697592879778856
C342,Data-Heavy Users,Plan1,593.24,345,476,12.8,13,3,Plan2,579.3199999999999,13.920000000000073,2.3464365181039835
C343,Balanced High Users,Plan6,1480.4300000000003,549,28,12.96,285,1,Plan9,604.45,875.9800000000002,59.17064636625846
C343,Balanced High Users,Plan6,1480.4300000000003,549,28,12.96,285,2,Plan2,652.08,828.3500000000003,55.95333788156145
C343,Balanced High Users,Plan6,1480.4300000000003,549,28,12.96,285,3,Plan1,659.6800000000001,820.7500000000002,55.439973521206674
C344,Moderate Users,Plan8,838.78,1468,294,1.68,145,1,Plan1,412.23999999999995,426.54,50.85242852714658
C344,Moderate Users,Plan8,838.78,1468,294,1.68,145,2,Plan9,678.8199999999999,159.96000000000004,19.070554853477674
C344,Moderate Users,Plan8,838.78,1468,294,1.68,145,3,Plan5,791.02,47.75999999999999,5.693984119793032
C345,Low Usage,Plan9,2764.5099999999998,779,80,48.12,271,1,Plan7,820.9300000000001,1943.5799999999997,70.30468328926283
C345,Low Usage,Plan9,2764.5099999999998,779,80,48.12,271,2,Plan1,1106.6799999999998,1657.83,59.968312648534464
C345,Low Usage,Plan9,2764.5099999999998,779,80,48.12,271,3,Plan4,1765.8899999999999,998.6199999999999,36.12285721520269
C346,Data-Heavy Users,Plan7,940.5699999999999,884,482,35.86,138,1,Plan7,940.5699999999999,0.0,0.0
C346,Data-Heavy Users,Plan7,940.5699999999999,884,482,35.86,138,2,Plan1,987.58,-47.010000000000105,-4.998033107583711
C346,Data-Heavy Users,Plan7,940.5699999999999,884,482,35.86,138,3,Plan10,1394.28,-453.71000000000004,-48.23777071350352
C347,Moderate Users,Plan9,1100.67,1928,453,23.2,91,1,Plan1,783.68,316.9900000000001,28.799731072891976
C347,Moderate Users,Plan9,1100.67,1928,453,23.2,91,2,Plan9,1100.67,0.0,0.0
C347,Moderate Users,Plan9,1100.67,1928,453,23.2,91,3,Plan4,1255.7600000000002,-155.09000000000015,-14.090508508453953
C348,Data-Heavy Users,Plan4,1810.6499999999999,783,462,45.87,83,1,Plan7,829.09,981.5599999999998,54.21036644299008
C348,Data-Heavy Users,Plan4,1810.6499999999999,783,462,45.87,83,2,Plan1,1062.91,747.7399999999998,41.29677187750255
C348,Data-Heavy Users,Plan4,1810.6499999999999,783,462,45.87,83,3,Plan10,1709.6699999999998,100.98000000000002,5.57700273382487
C349,Balanced High Users,Plan3,1139.09,911,94,13.02,209,1,Plan9,576.33,562.7599999999999,49.404349085673644
C349,Balanced High Users,Plan3,1139.09,911,94,13.02,209,2,Plan1,605.74,533.3499999999999,46.82246354546172
C349,Balanced High Users,Plan3,1139.09,911,94,13.02,209,3,Plan2,757.9,381.18999999999994,33.46443213442309
C350,Balanced High Users,Plan9,563.01,536,99,11.07,173,1,Plan1,554.47,8.539999999999964,1.5168469476563406
C350,Balanced High Users,Plan9,563.01,536,99,11.07,173,2,Plan9,563.01,0.0,0.0
C350,Balanced High Users,Plan9,563.01,536,99,11.07,173,3,Plan2,605.8299999999999,-42.819999999999936,-7.6055487469138985
C351,Balanced High Users,Plan4,713.77,650,66,1.77,248,1,Plan1,487.57,226.2,31.690880815949114
C351,Balanced High Users,Plan4,713.77,650,66,1.77,248,2,Plan8,585.72,128.04999999999995,17.93995264581027
C351,Balanced High Users,Plan4,713.77,650,66,1.77,248,3,Plan9,590.76,123.00999999999999,17.233842834526527
C352,Data-Heavy Users,Plan8,3943.96,1563,329,43.62,54,1,Plan1,911.6999999999999,3032.26,76.88363979350704
C352,Data-Heavy Users,Plan8,3943.96,1563,329,43.62,54,2,Plan7,1214.4399999999998,2729.5200000000004,69.20759845434539
C352,Data-Heavy Users,Plan8,3943.96,1563,329,43.62,54,3,Plan4,1843.8600000000001,2100.1,53.248511648191155
C353,Balanced High Users,Plan4,726.56,99,223,2.47,260,1,Plan2,495.2,231.35999999999996,31.843206342215367
C353,Balanced High Users,Plan4,726.56,99,223,2.47,260,2,Plan1,505.31,221.24999999999994,30.45171768332966
C353,Balanced High Users,Plan4,726.56,99,223,2.47,260,3,Plan10,521.2,205.3599999999999,28.2646994054173
C354,Moderate Users,Plan2,1414.5500000000002,1626,334,26.07,268,1,Plan1,841.4300000000001,573.1200000000001,40.516065179739144
C354,Moderate Users,Plan2,1414.5500000000002,1626,334,26.07,268,2,Plan9,1250.18,164.37000000000012,11.619949807359237
C354,Moderate Users,Plan2,1414.5500000000002,1626,334,26.07,268,3,Plan4,1277.9700000000003,136.57999999999993,9.655367431338583
C355,Heavy Voice Users,Plan9,1058.7099999999998,1203,248,26.38,109,1,Plan1,707.4200000000001,351.28999999999974,33.180946623721304
C355,Heavy Voice Users,Plan9,1058.7099999999998,1203,248,26.38,109,2,Plan7,985.9899999999999,72.71999999999991,6.868736481189365
C355,Heavy Voice Users,Plan9,1058.7099999999998,1203,248,26.38,109,3,Plan9,1058.7099999999998,0.0,0.0
C356,Heavy Voice Users,Plan4,981.54,1606,262,19.89,87,1,Plan1,607.2099999999999,374.33000000000004,38.13700918964077
C356,Heavy Voice Users,Plan4,981.54,1606,262,19.89,87,2,Plan9,708.4200000000001,273.1199999999999,27.82566171526376
C356,Heavy Voice Users,Plan4,981.54,1606,262,19.89,87,3,Plan2,969.9100000000001,11.629999999999882,1.184872750983137
C357,Balanced High Users,Plan6,708.63,237,294,3.38,81,1,Plan1,388.26,320.37,45.20977096651285
C357,Balanced High Users,Plan6,708.63,237,294,3.38,81,2,Plan10,443.18,265.45,37.459605153606255
C357,Balanced High Users,Plan6,708.63,237,294,3.38,81,3,Plan2,461.15999999999997,247.47000000000003,34.92231488929343
C358,Balanced High Users,Plan4,812.23,125,482,10.67,137,1,Plan10,465.07,347.16,42.741587973849775
C358,Balanced High Users,Plan4,812.23,125,482,10.67,137,2,Plan2,557.61,254.62,31.34826342292208
C358,Balanced High Users,Plan4,812.23,125,482,10.67,137,3,Plan9,583.3299999999999,228.9000000000001,28.181672678921004
C359,Balanced High Users,Plan6,1317.5700000000002,1266,186,9.68,219,1,Plan1,569.52,748.0500000000002,56.77497210774381
C359,Balanced High Users,Plan6,1317.5700000000002,1266,186,9.68,219,2,Plan9,631.4599999999999,686.1100000000002,52.07389360717079
C359,Balanced High Users,Plan6,1317.5700000000002,1266,186,9.68,219,3,Plan5,839.2,478.3700000000001,36.30698938196832
C360,Moderate Users,Plan4,1016.2500000000001,1120,493,9.91,282,1,Plan9,640.1700000000001,376.08000000000004,37.00664206642067
C360,Moderate Users,Plan4,1016.2500000000001,1120,493,9.91,282,2,Plan1,762.27,253.98000000000013,24.991881918819196
C360,Moderate Users,Plan4,1016.2500000000001,1120,493,9.91,282,3,Plan10,957.42,58.830000000000155,5.788929889298908
C361,Balanced High Users,Plan6,1348.1499999999999,938,240,10.98,289,1,Plan9,605.93,742.2199999999999,55.054704595185996
C361,Balanced High Users,Plan6,1348.1499999999999,938,240,10.98,289,2,Plan1,636.8199999999999,711.3299999999999,52.76341653376849
C361,Balanced High Users,Plan6,1348.1499999999999,938,240,10.98,289,3,Plan2,797.4899999999999,550.66,40.84560323406149
C362,Data-Heavy Users,Plan8,3748.3,346,368,43.56,154,1,Plan7,658.06,3090.2400000000002,82.44377451111171
C362,Data-Heavy Users,Plan8,3748.3,346,368,43.56,154,2,Plan1,1012.56,2735.7400000000002,72.9861537230211
C362,Data-Heavy Users,Plan8,3748.3,346,368,43.56,154,3,Plan10,1447.56,2300.7400000000002,61.38089267134434
C363,Low Usage,Plan4,1457.2,550,178,40.13,221,1,Plan7,645.16,812.0400000000001,55.72604995882515
C363,Low Usage,Plan4,1457.2,550,178,40.13,221,2,Plan1,966.8100000000001,490.39,33.65289596486412
C363,Low Usage,Plan4,1457.2,550,178,40.13,221,3,Plan10,1441.1599999999999,16.04000000000019,1.1007411474059972
C364,Balanced High Users,Plan1,805.6400000000001,262,206,28.84,201,1,Plan7,625.63,180.0100000000001,22.343726726577636
C364,Balanced High Users,Plan1,805.6400000000001,262,206,28.84,201,2,Plan1,805.6400000000001,0.0,0.0
C364,Balanced High Users,Plan1,805.6400000000001,262,206,28.84,201,3,Plan10,856.09,-50.44999999999993,-6.262102179633574
C365,Moderate Users,Plan5,2252.5899999999997,1933,249,34.72,142,1,Plan1,859.76,1392.8299999999997,61.832379616352725
C365,Moderate Users,Plan5,2252.5899999999997,1933,249,34.72,142,2,Plan7,1466.68,785.9099999999996,34.889172019763905
C365,Moderate Users,Plan5,2252.5899999999997,1933,249,34.72,142,3,Plan4,1593.6000000000001,658.9899999999996,29.254768954847517
C366,Balanced High Users,Plan9,603.34,999,175,19.26,282,1,Plan9,603.34,0.0,0.0
C366,Balanced High Users,Plan9,603.34,999,175,19.26,282,2,Plan1,739.42,-136.07999999999993,-22.5544469121888
C366,Balanced High Users,Plan9,603.34,999,175,19.26,282,3,Plan2,817.47,-214.13,-35.490768057811515
C367,Balanced High Users,Plan6,2029.9,794,470,20.57,297,1,Plan9,682.9399999999999,1346.96,66.35597812700132
C367,Balanced High Users,Plan6,2029.9,794,470,20.57,297,2,Plan10,828.72,1201.18,59.17434356372235
C367,Balanced High Users,Plan6,2029.9,794,470,20.57,297,3,Plan2,880.7399999999999,1149.1600000000003,56.61165574658852
C368,Balanced High Users,Plan3,968.96,995,90,6.83,278,1,Plan1,574.95,394.01,40.663185270805805
C368,Balanced High Users,Plan3,968.96,995,90,6.83,278,2,Plan9,601.86,367.1,37.88598084544253
C368,Balanced High Users,Plan3,968.96,995,90,6.83,278,3,Plan5,770.53,198.43000000000006,20.478657529722593
C369,Heavy Voice Users,Plan6,1646.45,1514,120,14.1,19,1,Plan1,482.97999999999996,1163.47,70.66537094961888
C369,Heavy Voice Users,Plan6,1646.45,1514,120,14.1,19,2,Plan9,649.22,997.23,60.56849585471773
C369,Heavy Voice Users,Plan6,1646.45,1514,120,14.1,19,3,Plan4,882.2600000000001,764.1899999999999,46.41440675392511
C370,Low Usage,Plan7,704.0500000000001,627,284,41.26,227,1,Plan7,704.0500000000001,0.0,0.0
C370,Low Usage,Plan7,704.0500000000001,627,284,41.26,227,2,Plan1,985.8199999999999,-281.76999999999987,-40.021305305020924
C370,Low Usage,Plan7,704.0500000000001,627,284,41.26,227,3,Plan10,1524.2399999999998,-820.1899999999997,-116.49598750088768
C371,Balanced High Users,Plan8,848.1199999999999,636,101,8.11,257,1,Plan1,576.47,271.64999999999986,32.02966561335659
C371,Balanced High Users,Plan8,848.1199999999999,636,101,8.11,257,2,Plan9,594.09,254.02999999999986,29.952129415648717
C371,Balanced High Users,Plan8,848.1199999999999,636,101,8.11,257,3,Plan2,673.91,174.20999999999992,20.540725369051543
C372,Balanced High Users,Plan5,1511.8799999999999,544,311,25.37,215,1,Plan7,662.02,849.8599999999999,56.21213323808768
C372,Balanced High Users,Plan5,1511.8799999999999,544,311,25.37,215,2,Plan1,776.6899999999999,735.1899999999999,48.62753657697701
C372,Balanced High Users,Plan5,1511.8799999999999,544,311,25.37,215,3,Plan10,859.88,651.9999999999999,43.12511574992724
C373,Balanced High Users,Plan5,1088.8,1020,178,15.6,245,1,Plan9,589.65,499.15,45.84404849375459
C373,Balanced High Users,Plan5,1088.8,1020,178,15.6,245,2,Plan1,665.1999999999999,423.6,38.90521675238796
C373,Balanced High Users,Plan5,1088.8,1020,178,15.6,245,3,Plan2,811.55,277.25,25.463813372520207
C374,Heavy Voice Users,Plan8,2533.0,1256,103,28.11,19,1,Plan1,665.11,1867.8899999999999,73.74220292143703
C374,Heavy Voice Users,Plan8,2533.0,1256,103,28.11,19,2,Plan7,962.6800000000001,1570.32,61.99447295696802
C374,Heavy Voice Users,Plan8,2533.0,1256,103,28.11,19,3,Plan4,1107.3999999999999,1425.6000000000001,56.28108961705488
C375,Data-Heavy Users,Plan9,1606.92,1386,386,32.79,58,1,Plan1,817.1099999999999,789.8100000000002,49.150548876110825
C375,Data-Heavy Users,Plan9,1606.92,1386,386,32.79,58,2,Plan7,1143.0700000000002,463.8499999999999,28.865780499340342
C375,Data-Heavy Users,Plan9,1606.92,1386,386,32.79,58,3,Plan4,1439.2699999999998,167.65000000000032,10.433002265203015
C376,Low Usage,Plan3,2166.82,790,24,42.43,177,1,Plan7,768.64,1398.1800000000003,64.52681810210356
C376,Low Usage,Plan3,2166.82,790,24,42.43,177,2,Plan1,965.03,1201.7900000000002,55.46330567375233
C376,Low Usage,Plan3,2166.82,790,24,42.43,177,3,Plan4,1537.1200000000001,629.7,29.06102029702513
C377,Moderate Users,Plan5,1569.2,1678,343,17.65,285,1,Plan1,751.05,818.1500000000001,52.13803211827683
C377,Moderate Users,Plan5,1569.2,1678,343,17.65,285,2,Plan9,808.32,760.88,48.48840173336732
C377,Moderate Users,Plan5,1569.2,1678,343,17.65,285,3,Plan2,1072.09,497.1100000000001,31.679199592148873
C378,Low Usage,Plan1,889.4100000000001,946,22,41.93,81,1,Plan7,806.44,82.97000000000003,9.328656075375813
C378,Low Usage,Plan1,889.4100000000001,946,22,41.93,81,2,Plan1,889.4100000000001,0.0,0.0
C378,Low Usage,Plan1,889.4100000000001,946,22,41.93,81,3,Plan4,1532.92,-643.51,-72.35245837127982
C379,Heavy Voice Users,Plan6,1401.1499999999999,1402,189,10.51,129,1,Plan1,515.51,885.6399999999999,63.208079077900294
C379,Heavy Voice Users,Plan6,1401.1499999999999,1402,189,10.51,129,2,Plan9,648.48,752.6699999999998,53.71801734289689
C379,Heavy Voice Users,Plan6,1401.1499999999999,1402,189,10.51,129,3,Plan5,894.61,506.53999999999985,36.151732505441956
C380,Low Usage,Plan4,1130.72,198,130,32.21,284,1,Plan7,677.92,452.80000000000007,40.045280882977224
C380,Low Usage,Plan4,1130.72,198,130,32.21,284,2,Plan1,909.21,221.51,19.590172633366347
C380,Low Usage,Plan4,1130.72,198,130,32.21,284,3,Plan10,1008.6700000000001,122.04999999999995,10.79400735814348
C381,Low Usage,Plan4,1415.8199999999997,244,141,40.57,194,1,Plan7,621.22,794.5999999999997,56.12295348278735
C381,Low Usage,Plan4,1415.8199999999997,244,141,40.57,194,2,Plan1,953.0899999999999,462.7299999999998,32.68282691302566
C381,Low Usage,Plan4,1415.8199999999997,244,141,40.57,194,3,Plan10,1301.8100000000002,114.00999999999954,8.052577305024618
C382,Balanced High Users,Plan8,829.0400000000001,488,103,8.4,176,1,Plan1,521.92,307.1200000000001,37.04525716491365
C382,Balanced High Users,Plan8,829.0400000000001,488,103,8.4,176,2,Plan9,564.12,264.9200000000001,31.955032326546373
C382,Balanced High Users,Plan8,829.0400000000001,488,103,8.4,176,3,Plan2,589.18,239.86000000000013,28.93225899835956
C383,Moderate Users,Plan3,2760.0099999999998,1173,470,45.42,287,1,Plan7,1208.5900000000001,1551.4199999999996,56.210665903384395
C383,Moderate Users,Plan3,2760.0099999999998,1173,470,45.42,287,2,Plan1,1210.02,1549.9899999999998,56.158854496904
C383,Moderate Users,Plan3,2760.0099999999998,1173,470,45.42,287,3,Plan4,1934.5900000000001,825.4199999999996,29.9064133825602
C384,Balanced High Users,Plan5,1365.4,792,179,23.32,211,1,Plan1,741.08,624.32,45.72432986670572
C384,Balanced High Users,Plan5,1365.4,792,179,23.32,211,2,Plan7,791.3199999999999,574.0800000000002,42.044822030174316
C384,Balanced High Users,Plan5,1365.4,792,179,23.32,211,3,Plan9,832.71,532.69,39.01347590449685
C385,Heavy Voice Users,Plan6,960.4399999999999,952,192,6.71,124,1,Plan1,462.51,497.92999999999995,51.8439465245096
C385,Heavy Voice Users,Plan6,960.4399999999999,952,192,6.71,124,2,Plan9,544.88,415.55999999999995,43.267668985048516
C385,Heavy Voice Users,Plan6,960.4399999999999,952,192,6.71,124,3,Plan5,654.97,305.4699999999999,31.805214276789794
C386,Moderate Users,Plan3,1676.41,1578,406,13.85,225,1,Plan1,706.3299999999999,970.0800000000002,57.866512368692625
C386,Moderate Users,Plan3,1676.41,1578,406,13.85,225,2,Plan9,760.72,915.69,54.62207932427031
C386,Moderate Users,Plan3,1676.41,1578,406,13.85,225,3,Plan2,1060.77,615.6400000000001,36.72371317279186
C387,Low Usage,Plan8,2181.82,1298,81,23.14,230,1,Plan1,752.42,1429.4,65.51411207157327
C387,Low Usage,Plan8,2181.82,1298,81,23.14,230,2,Plan9,889.15,1292.67,59.24732562722864
C387,Low Usage,Plan8,2181.82,1298,81,23.14,230,3,Plan4,976.9899999999999,1204.8300000000004,55.221328982225856
C388,Balanced High Users,Plan7,669.22,112,299,31.98,244,1,Plan7,669.22,0.0,0.0
C388,Balanced High Users,Plan7,669.22,112,299,31.98,244,2,Plan1,877.4200000000001,-208.20000000000005,-31.110845461881002
C388,Balanced High Users,Plan7,669.22,112,299,31.98,244,3,Plan10,980.9,-311.67999999999995,-46.57362302381877
C389,Data-Heavy Users,Plan5,696.98,1056,490,0.56,20,1,Plan1,455.52,241.46000000000004,34.64374874458378
C389,Data-Heavy Users,Plan5,696.98,1056,490,0.56,20,2,Plan9,542.36,154.62,22.184280754110592
C389,Data-Heavy Users,Plan5,696.98,1056,490,0.56,20,3,Plan6,546.31,150.67000000000007,21.617550001434772
C390,Balanced High Users,Plan8,775.7800000000001,1168,265,2.35,214,1,Plan1,470.63,305.1500000000001,39.334605171569265
C390,Balanced High Users,Plan8,775.7800000000001,1168,265,2.35,214,2,Plan9,593.3499999999999,182.43000000000018,23.51568743716004
C390,Balanced High Users,Plan8,775.7800000000001,1168,265,2.35,214,3,Plan5,685.9100000000001,89.87,11.58446982391915
C391,Data-Heavy Users,Plan5,1502.7700000000002,298,426,25.69,78,1,Plan7,648.46,854.3100000000002,56.84901881192731
C391,Data-Heavy Users,Plan5,1502.7700000000002,298,426,25.69,78,2,Plan10,692.35,810.4200000000002,53.92841219880621
C391,Data-Heavy Users,Plan5,1502.7700000000002,298,426,25.69,78,3,Plan1,769.61,733.1600000000002,48.78723956427132
C392,Low Usage,Plan5,2438.71,1133,188,49.77,269,1,Plan7,1042.69,1396.02,57.24419877722238
C392,Low Usage,Plan5,2438.71,1133,188,49.77,269,2,Plan1,1126.69,1312.02,53.79975478839222
C392,Low Usage,Plan5,2438.71,1133,188,49.77,269,3,Plan4,1953.77,484.94000000000005,19.885103189801168
C393,Moderate Users,Plan3,1386.13,1873,355,1.73,126,1,Plan1,438.73,947.4000000000001,68.34856759467004
C393,Moderate Users,Plan3,1386.13,1873,355,1.73,126,2,Plan9,821.64,564.4900000000001,40.72417450022726
C393,Moderate Users,Plan3,1386.13,1873,355,1.73,126,3,Plan8,949.32,436.81000000000006,31.512917258842965
C394,Heavy Voice Users,Plan9,516.02,1130,123,14.43,43,1,Plan1,504.55,11.46999999999997,2.222782062710742
C394,Heavy Voice Users,Plan9,516.02,1130,123,14.43,43,2,Plan9,516.02,0.0,0.0
C394,Heavy Voice Users,Plan9,516.02,1130,123,14.43,43,3,Plan2,777.51,-261.49,-50.674392465408324
C395,Balanced High Users,Plan2,552.54,268,432,3.81,108,1,Plan10,470.44,82.09999999999997,14.858652767220468
C395,Balanced High Users,Plan2,552.54,268,432,3.81,108,2,Plan1,511.33000000000004,41.20999999999992,7.458283563180933
C395,Balanced High Users,Plan2,552.54,268,432,3.81,108,3,Plan2,552.54,0.0,0.0
C396,Heavy Voice Users,Plan8,1989.9800000000002,1343,178,20.67,26,1,Plan1,573.4300000000001,1416.5500000000002,71.18413250384425
C396,Heavy Voice Users,Plan8,1989.9800000000002,1343,178,20.67,26,2,Plan9,640.1300000000001,1349.8500000000001,67.83234002351783
C396,Heavy Voice Users,Plan8,1989.9800000000002,1343,178,20.67,26,3,Plan2,890.9000000000001,1099.0800000000002,55.23070583623956
C397,Data-Heavy Users,Plan4,872.19,681,497,19.07,87,1,Plan9,569.1800000000001,303.01,34.74128343594858
C397,Data-Heavy Users,Plan4,872.19,681,497,19.07,87,2,Plan10,660.56,211.6300000000001,24.26420848668296
C397,Data-Heavy Users,Plan4,872.19,681,497,19.07,87,3,Plan1,743.99,128.20000000000005,14.698632178768392
C398,Moderate Users,Plan7,1582.7799999999997,1950,427,38.77,149,1,Plan1,1023.9300000000001,558.8499999999997,35.30812873551598
C398,Moderate Users,Plan7,1582.7799999999997,1950,427,38.77,149,2,Plan7,1582.7799999999997,0.0,0.0
C398,Moderate Users,Plan7,1582.7799999999997,1950,427,38.77,149,3,Plan4,1823.2400000000002,-240.4600000000005,-15.19225666232834
C399,Balanced High Users,Plan7,783.3100000000001,635,448,20.19,173,1,Plan9,601.4200000000001,181.89,23.220691680177705
C399,Balanced High Users,Plan7,783.3100000000001,635,448,20.19,173,2,Plan10,680.8900000000001,102.41999999999996,13.07528309353895
C399,Balanced High Users,Plan7,783.3100000000001,635,448,20.19,173,3,Plan2,736.1300000000001,47.17999999999995,6.023158136625339
C400,Low Usage,Plan3,2721.59,1686,140,47.56,124,1,Plan1,993.56,1728.0300000000002,63.49339907921473
C400,Low Usage,Plan3,2721.59,1686,140,47.56,124,2,Plan7,1299.73,1421.8600000000001,52.243725175357056
C400,Low Usage,Plan3,2721.59,1686,140,47.56,124,3,Plan4,1946.93,774.6600000000001,28.463508463802413
C401,Heavy Voice Users,Plan10,738.3900000000001,872,78,20.17,60,1,Plan9,534.2900000000002,204.0999999999999,27.641219409796975
C401,Heavy Voice Users,Plan10,738.3900000000001,872,78,20.17,60,2,Plan1,591.4100000000001,146.98000000000002,19.905470009073795
C401,Heavy Voice Users,Plan10,738.3900000000001,872,78,20.17,60,3,Plan2,698.7100000000002,39.67999999999995,5.3738539254323525
C402,Low Usage,Plan10,2270.3,1647,54,49.17,138,1,Plan1,1024.57,1245.7300000000002,54.87072193102234
C402,Low Usage,Plan10,2270.3,1647,54,49.17,138,2,Plan7,1283.98,986.3200000000002,43.44447870325508
C402,Low Usage,Plan10,2270.3,1647,54,49.17,138,3,Plan4,1967.9,302.4000000000001,13.319825573712729
C403,Balanced High Users,Plan6,1722.38,1109,111,16.44,283,1,Plan9,603.71,1118.67,64.94908208409295
C403,Balanced High Users,Plan6,1722.38,1109,111,16.44,283,2,Plan1,703.48,1018.9000000000001,59.15651598369698
C403,Balanced High Users,Plan6,1722.38,1109,111,16.44,283,3,Plan4,845.87,876.5100000000001,50.88946690045171
C404,Data-Heavy Users,Plan10,1299.44,555,396,38.81,24,1,Plan7,604.72,694.72,53.46303022840608
C404,Data-Heavy Users,Plan10,1299.44,555,396,38.81,24,2,Plan1,878.49,420.95000000000005,32.39472388105646
C404,Data-Heavy Users,Plan10,1299.44,555,396,38.81,24,3,Plan10,1299.44,0.0,0.0
C405,Low Usage,Plan6,3230.13,817,222,39.09,239,1,Plan7,824.71,2405.42,74.46821025779148
C405,Low Usage,Plan6,3230.13,817,222,39.09,239,2,Plan1,966.25,2263.88,70.08634327410971
C405,Low Usage,Plan6,3230.13,817,222,39.09,239,3,Plan4,1504.6700000000003,1725.4599999999998,53.41766430453263
C406,Data-Heavy Users,Plan4,872.7700000000001,730,468,4.58,96,1,Plan1,540.06,332.71000000000015,38.121154485145006
C406,Data-Heavy Users,Plan4,872.7700000000001,730,468,4.58,96,2,Plan9,564.1,308.6700000000001,35.366706005018514
C406,Data-Heavy Users,Plan4,872.7700000000001,730,468,4.58,96,3,Plan10,681.9399999999999,190.83000000000015,21.864867032551548
C407,Data-Heavy Users,Plan4,1523.29,1747,370,32.93,71,1,Plan1,816.13,707.16,46.423202410571854
C407,Data-Heavy Users,Plan4,1523.29,1747,370,32.93,71,2,Plan7,1368.1299999999999,155.16000000000008,10.185847737462996
C407,Data-Heavy Users,Plan4,1523.29,1747,370,32.93,71,3,Plan4,1523.29,0.0,0.0
C408,Balanced High Users,Plan2,529.24,212,303,10.56,290,1,Plan2,529.24,0.0,0.0
C408,Balanced High Users,Plan2,529.24,212,303,10.56,290,2,Plan10,535.3,-6.059999999999945,-1.145038167938921
C408,Balanced High Users,Plan2,529.24,212,303,10.56,290,3,Plan9,606.3,-77.05999999999995,-14.56050185171188
C409,Low Usage,Plan6,3500.5499999999997,1946,74,35.9,217,1,Plan1,938.46,2562.0899999999997,73.19106997471826
C409,Low Usage,Plan6,3500.5499999999997,1946,74,35.9,217,2,Plan7,1522.12,1978.4299999999998,56.51769007727358
C409,Low Usage,Plan6,3500.5499999999997,1946,74,35.9,217,3,Plan4,1579.32,1921.2299999999998,54.88366113896388
C410,Moderate Users,Plan9,1381.8400000000001,1062,438,30.19,209,1,Plan1,931.5500000000001,450.2900000000001,32.586261795866385
C410,Moderate Users,Plan9,1381.8400000000001,1062,438,30.19,209,2,Plan7,1068.4,313.44000000000005,22.682799745267182
C410,Moderate Users,Plan9,1381.8400000000001,1062,438,30.19,209,3,Plan10,1288.5,93.34000000000015,6.75476176691948
C411,Moderate Users,Plan4,2130.9900000000002,1834,354,48.46,226,1,Plan1,1117.46,1013.5300000000002,47.56146204346337
C411,Moderate Users,Plan4,2130.9900000000002,1834,354,48.46,226,2,Plan7,1510.0299999999997,620.9600000000005,29.139507928239944
C411,Moderate Users,Plan4,2130.9900000000002,1834,354,48.46,226,3,Plan4,2130.9900000000002,0.0,0.0
C412,Data-Heavy Users,Plan6,3331.1900000000005,407,457,40.45,223,1,Plan7,760.27,2570.9200000000005,77.17722495564648
C412,Data-Heavy Users,Plan6,3331.1900000000005,407,457,40.45,223,2,Plan1,1089.45,2241.7400000000007,67.29547098784519
C412,Data-Heavy Users,Plan6,3331.1900000000005,407,457,40.45,223,3,Plan10,1387.37,1943.8200000000006,58.352120413425844
C413,Data-Heavy Users,Plan2,1698.12,1015,395,35.08,47,1,Plan1,845.8000000000001,852.3199999999998,50.191977009869724
C413,Data-Heavy Users,Plan2,1698.12,1015,395,35.08,47,2,Plan7,908.35,789.7699999999999,46.5084917438108
C413,Data-Heavy Users,Plan2,1698.12,1015,395,35.08,47,3,Plan10,1380.9799999999998,317.1400000000001,18.675947518432157
C414,Heavy Voice Users,Plan2,665.03,752,108,10.71,117,1,Plan1,509.47,155.55999999999995,23.39142595070898
C414,Heavy Voice Users,Plan2,665.03,752,108,10.71,117,2,Plan9,542.29,122.74000000000001,18.456310241643237
C414,Heavy Voice Users,Plan2,665.03,752,108,10.71,117,3,Plan2,665.03,0.0,0.0
C415,Balanced High Users,Plan4,786.9000000000001,145,263,21.43,222,1,Plan10,559.11,227.79000000000008,28.947769729317578
C415,Balanced High Users,Plan4,786.9000000000001,145,263,21.43,222,2,Plan2,568.37,218.5300000000001,27.77100012708096
C415,Balanced High Users,Plan4,786.9000000000001,145,263,21.43,222,3,Plan7,638.86,148.04000000000008,18.813063921718143
C416,Data-Heavy Users,Plan9,2752.3399999999997,897,209,49.12,30,1,Plan7,743.4399999999999,2008.8999999999996,72.98880225553529
C416,Data-Heavy Users,Plan9,2752.3399999999997,897,209,49.12,30,2,Plan1,946.16,1806.1799999999998,65.62343315142752
C416,Data-Heavy Users,Plan9,2752.3399999999997,897,209,49.12,30,3,Plan4,1830.3600000000001,921.9799999999996,33.49804166636388
C417,Low Usage,Plan10,2120.66,1524,42,46.96,126,1,Plan1,987.2,1133.4599999999998,53.448454726358776
C417,Low Usage,Plan10,2120.66,1524,42,46.96,126,2,Plan7,1198.9299999999998,921.73,43.46429885035791
C417,Low Usage,Plan10,2120.66,1524,42,46.96,126,3,Plan4,1857.29,263.3699999999999,12.419246838248466
C418,Data-Heavy Users,Plan2,2677.9100000000003,1430,374,49.02,25,1,Plan1,995.22,1682.6900000000003,62.835942955513815
C418,Data-Heavy Users,Plan2,2677.9100000000003,1430,374,49.02,25,2,Plan7,1142.08,1535.8300000000004,57.35181540828482
C418,Data-Heavy Users,Plan2,2677.9100000000003,1430,374,49.02,25,3,Plan4,2020.8,657.1100000000004,24.53816595778052
C419,Balanced High Users,Plan10,502.4,77,422,18.97,220,1,Plan10,502.4,0.0,0.0
C419,Balanced High Users,Plan10,502.4,77,422,18.97,220,2,Plan2,542.72,-40.32000000000005,-8.025477707006381
C419,Balanced High Users,Plan10,502.4,77,422,18.97,220,3,Plan9,596.64,-94.24000000000001,-18.75796178343949
C420,Moderate Users,Plan4,950.6,1095,406,18.69,188,1,Plan9,580.1600000000001,370.43999999999994,38.96907216494845
C420,Moderate Users,Plan4,950.6,1095,406,18.69,188,2,Plan1,742.61,207.99,21.879865348201136
C420,Moderate Users,Plan4,950.6,1095,406,18.69,188,3,Plan2,868.3699999999999,82.23000000000013,8.650326109825388
C421,Heavy Voice Users,Plan2,1220.3799999999999,1141,242,27.06,65,1,Plan1,684.5799999999999,535.8,43.90435765908979
C421,Heavy Voice Users,Plan2,1220.3799999999999,1141,242,27.06,65,2,Plan7,919.21,301.16999999999985,24.678378865599228
C421,Heavy Voice Users,Plan2,1220.3799999999999,1141,242,27.06,65,3,Plan9,1071.85,148.52999999999997,12.170799259247119
C422,Low Usage,Plan6,3191.84,1074,180,39.49,128,1,Plan1,891.53,2300.3100000000004,72.06846207829967
C422,Low Usage,Plan6,3191.84,1074,180,39.49,128,2,Plan7,916.6899999999999,2275.15,71.2802020151386
C422,Low Usage,Plan6,3191.84,1074,180,39.49,128,3,Plan4,1534.17,1657.67,51.934620782996646
C423,Heavy Voice Users,Plan1,386.53,1261,312,4.77,44,1,Plan1,386.53,0.0,0.0
C423,Heavy Voice Users,Plan1,386.53,1261,312,4.77,44,2,Plan9,564.86,-178.33000000000004,-46.13613432333843
C423,Heavy Voice Users,Plan1,386.53,1261,312,4.77,44,3,Plan5,595.0,-208.47000000000003,-53.933717952034776
C424,Low Usage,Plan6,3763.6299999999997,299,215,47.3,197,1,Plan7,623.11,3140.5199999999995,83.4439092046774
C424,Low Usage,Plan6,3763.6299999999997,299,215,47.3,197,2,Plan1,1042.74,2720.8899999999994,72.29430098070213
C424,Low Usage,Plan6,3763.6299999999997,299,215,47.3,197,3,Plan10,1591.5399999999997,2172.09,57.71263381363207
C425,Moderate Users,Plan2,2355.2399999999993,1997,342,40.15,114,1,Plan1,985.91,1369.3299999999995,58.139722491126165
C425,Moderate Users,Plan2,2355.2399999999993,1997,342,40.15,114,2,Plan7,1534.24,820.9999999999993,34.85844330089501
C425,Moderate Users,Plan2,2355.2399999999993,1997,342,40.15,114,3,Plan4,1838.28,516.9599999999994,21.949355479696315
C426,Balanced High Users,Plan4,867.39,1228,116,17.08,248,1,Plan9,628.13,239.26,27.58390112867338
C426,Balanced High Users,Plan4,867.39,1228,116,17.08,248,2,Plan1,686.5999999999999,180.79000000000008,20.84298873632392
C426,Balanced High Users,Plan4,867.39,1228,116,17.08,248,3,Plan4,867.39,0.0,0.0
C427,Moderate Users,Plan3,1919.8799999999999,1678,461,18.98,154,1,Plan1,763.6999999999999,1156.1799999999998,60.221472175344296
C427,Moderate Users,Plan3,1919.8799999999999,1678,461,18.98,154,2,Plan9,787.4,1132.48,58.987020022084714
C427,Moderate Users,Plan3,1919.8799999999999,1678,461,18.98,154,3,Plan4,1101.0700000000002,818.8099999999997,42.64901973039981
C428,Heavy Voice Users,Plan5,2006.6499999999996,1574,86,38.23,0,1,Plan1,782.99,1223.6599999999996,60.98024069967358
C428,Heavy Voice Users,Plan5,2006.6499999999996,1574,86,38.23,0,2,Plan7,1151.05,855.5999999999997,42.638227892258236
C428,Heavy Voice Users,Plan5,2006.6499999999996,1574,86,38.23,0,3,Plan4,1533.0099999999998,473.6399999999999,23.60351830164702
C429,Moderate Users,Plan10,1189.0699999999997,1784,377,15.33,121,1,Plan1,628.65,560.4199999999997,47.130951079415
C429,Moderate Users,Plan10,1189.0699999999997,1784,377,15.33,121,2,Plan9,790.0500000000001,399.01999999999964,33.55731790390807
C429,Moderate Users,Plan10,1189.0699999999997,1784,377,15.33,121,3,Plan2,1076.47,112.59999999999968,9.469585474362292
C430,Data-Heavy Users,Plan3,2286.38,439,254,46.78,45,1,Plan7,527.35,1759.0300000000002,76.93515513606663
C430,Data-Heavy Users,Plan3,2286.38,439,254,46.78,45,2,Plan1,926.54,1359.8400000000001,59.475677708867295
C430,Data-Heavy Users,Plan3,2286.38,439,254,46.78,45,3,Plan10,1565.6200000000001,720.76,31.524068615015878
C431,Data-Heavy Users,Plan8,1992.1000000000001,897,436,20.64,0,1,Plan9,568.58,1423.52,71.45826012750364
C431,Data-Heavy Users,Plan8,1992.1000000000001,897,436,20.64,0,2,Plan1,655.4,1336.7000000000003,67.1000451784549
C431,Data-Heavy Users,Plan8,1992.1000000000001,897,436,20.64,0,3,Plan10,740.27,1251.8300000000002,62.83971688168265
C432,Data-Heavy Users,Plan4,856.4100000000001,813,300,21.19,77,1,Plan1,616.9100000000001,239.5,27.96557723520276
C432,Data-Heavy Users,Plan4,856.4100000000001,813,300,21.19,77,2,Plan9,619.1200000000001,237.28999999999996,27.70752326572552
C432,Data-Heavy Users,Plan4,856.4100000000001,813,300,21.19,77,3,Plan7,737.29,119.12000000000012,13.909225721325077
C433,Low Usage,Plan7,597.91,60,12,28.9,157,1,Plan7,597.91,0.0,0.0
C433,Low Usage,Plan7,597.91,60,12,28.9,157,2,Plan1,774.74,-176.83000000000004,-29.574685153283948
C433,Low Usage,Plan7,597.91,60,12,28.9,157,3,Plan10,819.8899999999999,-221.9799999999999,-37.12598886119983
C434,Balanced High Users,Plan6,558.59,234,86,0.87,101,1,Plan1,371.72,186.87,33.45387493510446
C434,Balanced High Users,Plan6,558.59,234,86,0.87,101,2,Plan10,451.16999999999996,107.42000000000007,19.23056266671442
C434,Balanced High Users,Plan6,558.59,234,86,0.87,101,3,Plan2,467.45,91.14000000000004,16.3160815625056
C435,Data-Heavy Users,Plan7,1395.0400000000002,1754,469,39.13,3,1,Plan1,923.01,472.0300000000002,33.83630576901022
C435,Data-Heavy Users,Plan7,1395.0400000000002,1754,469,39.13,3,2,Plan7,1395.0400000000002,0.0,0.0
C435,Data-Heavy Users,Plan7,1395.0400000000002,1754,469,39.13,3,3,Plan4,1776.0200000000002,-380.98,-27.309611193944257
C436,Heavy Voice Users,Plan6,2303.95,1021,93,27.5,5,1,Plan1,647.1,1656.85,71.91345298292063
C436,Heavy Voice Users,Plan6,2303.95,1021,93,27.5,5,2,Plan7,805.8100000000001,1498.1399999999999,65.02484862952755
C436,Heavy Voice Users,Plan6,2303.95,1021,93,27.5,5,3,Plan4,1023.7699999999999,1280.1799999999998,55.56457388398185
C437,Data-Heavy Users,Plan8,4130.179999999999,144,328,48.89,28,1,Plan7,552.28,3577.8999999999996,86.62818569650717
C437,Data-Heavy Users,Plan8,4130.179999999999,144,328,48.89,28,2,Plan1,960.73,3169.4499999999994,76.73878620302263
C437,Data-Heavy Users,Plan8,4130.179999999999,144,328,48.89,28,3,Plan10,1538.8700000000001,2591.3099999999995,62.74084906711087
C438,Data-Heavy Users,Plan4,1447.4199999999998,218,407,39.04,62,1,Plan7,625.8399999999999,821.5799999999999,56.76168631081511
C438,Data-Heavy Users,Plan4,1447.4199999999998,218,407,39.04,62,2,Plan1,917.1999999999999,530.2199999999999,36.63207638418704
C438,Data-Heavy Users,Plan4,1447.4199999999998,218,407,39.04,62,3,Plan10,1170.7,276.7199999999998,19.118155062110503
C439,Balanced High Users,Plan8,1797.0199999999998,144,155,20.29,153,1,Plan2,473.29999999999995,1323.7199999999998,73.66195145296102
C439,Balanced High Users,Plan8,1797.0199999999998,144,155,20.29,153,2,Plan10,482.2199999999999,1314.7999999999997,73.1655741171495
C439,Balanced High Users,Plan8,1797.0199999999998,144,155,20.29,153,3,Plan9,577.9399999999999,1219.08,67.83897786335156
C440,Data-Heavy Users,Plan2,1013.7,143,414,28.87,47,1,Plan7,621.01,392.69000000000005,38.7382854888034
C440,Data-Heavy Users,Plan2,1013.7,143,414,28.87,47,2,Plan10,767.0200000000001,246.67999999999995,24.334615764032748
C440,Data-Heavy Users,Plan2,1013.7,143,414,28.87,47,3,Plan1,779.5100000000001,234.18999999999994,23.102495807438093
C441,Balanced High Users,Plan5,1631.3600000000001,573,430,26.5,209,1,Plan7,755.05,876.3100000000002,53.716530992546105
C441,Balanced High Users,Plan5,1631.3600000000001,573,430,26.5,209,2,Plan1,877.5,753.8600000000001,46.21052373479797
C441,Balanced High Users,Plan5,1631.3600000000001,573,430,26.5,209,3,Plan10,914.76,716.6000000000001,43.92653981953708
C442,Data-Heavy Users,Plan10,776.9699999999999,563,489,25.32,16,1,Plan7,666.1,110.86999999999989,14.269534216250293
C442,Data-Heavy Users,Plan10,776.9699999999999,563,489,25.32,16,2,Plan1,768.04,8.92999999999995,1.1493365252197578
C442,Data-Heavy Users,Plan10,776.9699999999999,563,489,25.32,16,3,Plan10,776.9699999999999,0.0,0.0
C443,Low Usage,Plan10,1194.71,1067,153,27.99,187,1,Plan1,784.51,410.20000000000005,34.33469210101197
C443,Low Usage,Plan10,1194.71,1067,153,27.99,187,2,Plan7,949.45,245.26,20.52883126449096
C443,Low Usage,Plan10,1194.71,1067,153,27.99,187,3,Plan4,1120.25,74.46000000000004,6.232474826526943
C444,Moderate Users,Plan9,748.02,1534,463,12.87,190,1,Plan1,711.71,36.309999999999945,4.854148284805212
C444,Moderate Users,Plan9,748.02,1534,463,12.87,190,2,Plan9,748.02,0.0,0.0
C444,Moderate Users,Plan9,748.02,1534,463,12.87,190,3,Plan2,1074.8600000000001,-326.84000000000015,-43.69401887650065
C445,Data-Heavy Users,Plan9,1096.81,941,458,26.61,168,1,Plan1,870.69,226.1199999999999,20.616150472734557
C445,Data-Heavy Users,Plan9,1096.81,941,458,26.61,168,2,Plan7,979.5400000000001,117.26999999999987,10.6919156462833
C445,Data-Heavy Users,Plan9,1096.81,941,458,26.61,168,3,Plan10,1072.74,24.069999999999936,2.194546001586413
C446,Low Usage,Plan1,1073.6399999999999,214,137,45.8,267,1,Plan7,667.21,406.42999999999984,37.85533325882045
C446,Low Usage,Plan1,1073.6399999999999,214,137,45.8,267,2,Plan1,1073.6399999999999,0.0,0.0
C446,Low Usage,Plan1,1073.6399999999999,214,137,45.8,267,3,Plan10,1530.6899999999998,-457.04999999999995,-42.57013524086286
C447,Balanced High Users,Plan3,875.55,555,336,5.13,160,1,Plan1,492.96999999999997,382.58,43.69596253783336
C447,Balanced High Users,Plan3,875.55,555,336,5.13,160,2,Plan9,558.2,317.3499999999999,36.24578836160127
C447,Balanced High Users,Plan3,875.55,555,336,5.13,160,3,Plan2,608.0500000000001,267.4999999999999,30.552224316144127
C448,Low Usage,Plan10,1848.4699999999998,1013,105,45.91,145,1,Plan7,888.97,959.4999999999998,51.90779401342731
C448,Low Usage,Plan10,1848.4699999999998,1013,105,45.91,145,2,Plan1,987.2299999999999,861.2399999999999,46.59204639512678
C448,Low Usage,Plan10,1848.4699999999998,1013,105,45.91,145,3,Plan4,1722.1699999999998,126.29999999999995,6.832677836264585
C449,Data-Heavy Users,Plan3,1446.05,194,413,20.38,81,1,Plan10,451.88999999999993,994.1600000000001,68.75004322118876
C449,Data-Heavy Users,Plan3,1446.05,194,413,20.38,81,2,Plan2,523.91,922.14,63.76957919850628
C449,Data-Heavy Users,Plan3,1446.05,194,413,20.38,81,3,Plan9,571.8599999999999,874.19,60.453649597178526
C450,Data-Heavy Users,Plan1,866.1700000000001,554,305,42.85,30,1,Plan7,547.81,318.3600000000001,36.754909544315794
C450,Data-Heavy Users,Plan1,866.1700000000001,554,305,42.85,30,2,Plan1,866.1700000000001,0.0,0.0
C450,Data-Heavy Users,Plan1,866.1700000000001,554,305,42.85,30,3,Plan10,1459.35,-593.1799999999998,-68.48309223362617
C451,Moderate Users,Plan3,1611.8900000000003,1715,200,15.55,168,1,Plan1,609.11,1002.7800000000003,62.21144122737905
C451,Moderate Users,Plan3,1611.8900000000003,1715,200,15.55,168,2,Plan9,778.7199999999999,833.1700000000004,51.68901103673329
C451,Moderate Users,Plan3,1611.8900000000003,1715,200,15.55,168,3,Plan4,997.96,613.9300000000003,38.0875866219159
C452,Data-Heavy Users,Plan6,2253.4500000000003,885,479,25.54,95,1,Plan1,820.18,1433.2700000000004,63.603363731167775
C452,Data-Heavy Users,Plan6,2253.4500000000003,885,479,25.54,95,2,Plan7,912.13,1341.3200000000002,59.52295369322594
C452,Data-Heavy Users,Plan6,2253.4500000000003,885,479,25.54,95,3,Plan10,971.2199999999999,1282.2300000000005,56.9007521799907
C453,Low Usage,Plan3,2423.15,897,318,43.79,154,1,Plan7,850.5999999999999,1572.5500000000002,64.89693167983823
C453,Low Usage,Plan3,2423.15,897,318,43.79,154,2,Plan1,977.55,1445.6000000000001,59.65788333367724
C453,Low Usage,Plan3,2423.15,897,318,43.79,154,3,Plan4,1714.96,708.19,29.226007469615993
C454,Heavy Voice Users,Plan5,535.72,193,180,3.17,51,1,Plan1,363.92999999999995,171.79000000000008,32.06712461733743
C454,Heavy Voice Users,Plan5,535.72,193,180,3.17,51,2,Plan10,422.97,112.75,21.046442171283505
C454,Heavy Voice Users,Plan5,535.72,193,180,3.17,51,3,Plan2,433.78000000000003,101.94,19.028597028298364
C455,Moderate Users,Plan8,860.3000000000001,1747,120,3.8,296,1,Plan1,548.52,311.7800000000001,36.24084621643613
C455,Moderate Users,Plan8,860.3000000000001,1747,120,3.8,296,2,Plan9,837.92,22.38000000000011,2.601418109961654
C455,Moderate Users,Plan8,860.3000000000001,1747,120,3.8,296,3,Plan8,860.3000000000001,0.0,0.0
C456,Low Usage,Plan3,2215.12,68,65,45.97,257,1,Plan7,660.91,1554.21,70.16369316335008
C456,Low Usage,Plan3,2215.12,68,65,45.97,257,2,Plan1,1068.65,1146.4699999999998,51.7565639784752
C456,Low Usage,Plan3,2215.12,68,65,45.97,257,3,Plan10,1532.62,682.5,30.810971866084007
C457,Heavy Voice Users,Plan2,1092.3799999999999,1918,135,17.4,106,1,Plan1,597.8799999999999,494.5,45.26813013786411
C457,Heavy Voice Users,Plan2,1092.3799999999999,1918,135,17.4,106,2,Plan9,830.8900000000001,261.4899999999998,23.937640747725133
C457,Heavy Voice Users,Plan2,1092.3799999999999,1918,135,17.4,106,3,Plan4,1001.79,90.58999999999992,8.29290173749061
C458,Moderate Users,Plan9,1729.65,1554,216,32.96,202,1,Plan1,859.9200000000001,869.73,50.2835833839216
C458,Moderate Users,Plan9,1729.65,1554,216,32.96,202,2,Plan7,1265.71,463.94000000000005,26.822767611944613
C458,Moderate Users,Plan9,1729.65,1554,216,32.96,202,3,Plan4,1442.3500000000004,287.2999999999997,16.610296880871836
C459,Heavy Voice Users,Plan5,858.3,1209,317,10.65,99,1,Plan1,506.37,351.92999999999995,41.003145753233134
C459,Heavy Voice Users,Plan5,858.3,1209,317,10.65,99,2,Plan9,565.97,292.3299999999999,34.05918676453454
C459,Heavy Voice Users,Plan5,858.3,1209,317,10.65,99,3,Plan2,827.4599999999999,30.840000000000032,3.5931492485145093
C460,Balanced High Users,Plan4,733.32,89,253,16.99,232,1,Plan2,484.84000000000003,248.48000000000002,33.884252440953475
C460,Balanced High Users,Plan4,733.32,89,253,16.99,232,2,Plan10,508.03999999999996,225.2800000000001,30.72055855561011
C460,Balanced High Users,Plan4,733.32,89,253,16.99,232,3,Plan9,584.84,148.48000000000002,20.24764086619757
C461,Data-Heavy Users,Plan7,784.54,792,384,20.24,85,1,Plan9,554.15,230.39,29.3662528360568
C461,Data-Heavy Users,Plan7,784.54,792,384,20.24,85,2,Plan1,671.88,112.65999999999997,14.3600071379407
C461,Data-Heavy Users,Plan7,784.54,792,384,20.24,85,3,Plan10,715.27,69.26999999999998,8.829377724526472
C462,Data-Heavy Users,Plan10,1294.67,238,444,42.05,62,1,Plan7,650.26,644.4100000000001,49.77407370217894
C462,Data-Heavy Users,Plan10,1294.67,238,444,42.05,62,2,Plan1,984.4499999999999,310.22000000000014,23.961318328222646
C462,Data-Heavy Users,Plan10,1294.67,238,444,42.05,62,3,Plan10,1294.67,0.0,0.0
C463,Data-Heavy Users,Plan10,1653.6999999999998,1856,465,32.01,41,1,Plan1,854.77,798.9299999999998,48.31166475176876
C463,Data-Heavy Users,Plan10,1653.6999999999998,1856,465,32.01,41,2,Plan7,1480.6,173.0999999999999,10.467436657192957
C463,Data-Heavy Users,Plan10,1653.6999999999998,1856,465,32.01,41,3,Plan4,1550.1399999999999,103.55999999999995,6.262320856261713
C464,Balanced High Users,Plan1,839.3,230,215,28.66,251,1,Plan7,657.13,182.16999999999996,21.704992255450968
C464,Balanced High Users,Plan1,839.3,230,215,28.66,251,2,Plan1,839.3,0.0,0.0
C464,Balanced High Users,Plan1,839.3,230,215,28.66,251,3,Plan10,857.53,-18.230000000000018,-2.17204813535089
C465,Heavy Voice Users,Plan9,1936.8800000000003,1935,235,34.45,71,1,Plan1,806.57,1130.3100000000004,58.35725496675066
C465,Heavy Voice Users,Plan9,1936.8800000000003,1935,235,34.45,71,2,Plan7,1423.21,513.6700000000003,26.520486555697836
C465,Heavy Voice Users,Plan9,1936.8800000000003,1935,235,34.45,71,3,Plan4,1561.85,375.0300000000004,19.362583123373692
C466,Data-Heavy Users,Plan6,3425.26,305,465,42.63,124,1,Plan7,703.18,2722.0800000000004,79.47075550469162
C466,Data-Heavy Users,Plan6,3425.26,305,465,42.63,124,2,Plan1,1052.5900000000001,2372.67,69.26977806064357
C466,Data-Heavy Users,Plan6,3425.26,305,465,42.63,124,3,Plan10,1377.92,2047.3400000000001,59.771812942667125
C467,Heavy Voice Users,Plan3,1291.8799999999999,941,92,18.92,13,1,Plan9,503.81,788.0699999999999,61.00179583243026
C467,Heavy Voice Users,Plan3,1291.8799999999999,941,92,18.92,13,2,Plan1,541.32,750.5599999999998,58.098275381614386
C467,Heavy Voice Users,Plan3,1291.8799999999999,941,92,18.92,13,3,Plan2,696.48,595.3999999999999,46.08787193857014
C468,Data-Heavy Users,Plan9,2385.8700000000003,173,467,43.74,80,1,Plan7,676.78,1709.0900000000004,71.63382749269658
C468,Data-Heavy Users,Plan9,2385.8700000000003,173,467,43.74,80,2,Plan1,1036.86,1349.0100000000004,56.541638899017975
C468,Data-Heavy Users,Plan9,2385.8700000000003,173,467,43.74,80,3,Plan10,1362.46,1023.4100000000003,42.89462544061496
C469,Balanced High Users,Plan3,970.1100000000001,332,465,5.37,182,1,Plan10,535.3,434.8100000000002,44.82069043716693
C469,Balanced High Users,Plan3,970.1100000000001,332,465,5.37,182,2,Plan9,595.0500000000001,375.06000000000006,38.66159507684696
C469,Balanced High Users,Plan3,970.1100000000001,332,465,5.37,182,3,Plan1,609.97,360.1400000000001,37.12362515591016
C470,Low Usage,Plan1,773.5600000000001,810,150,28.92,155,1,Plan7,767.38,6.180000000000064,0.798903769584785
C470,Low Usage,Plan1,773.5600000000001,810,150,28.92,155,2,Plan1,773.5600000000001,0.0,0.0
C470,Low Usage,Plan1,773.5600000000001,810,150,28.92,155,3,Plan4,1085.94,-312.38,-40.38212937587258
C471,Balanced High Users,Plan1,707.9499999999999,177,298,24.87,137,1,Plan7,601.1500000000001,106.79999999999984,15.08581114485484
C471,Balanced High Users,Plan1,707.9499999999999,177,298,24.87,137,2,Plan10,653.32,54.62999999999988,7.71664665583726
C471,Balanced High Users,Plan1,707.9499999999999,177,298,24.87,137,3,Plan1,707.9499999999999,0.0,0.0
C472,Heavy Voice Users,Plan2,1190.93,1818,67,22.58,47,1,Plan1,613.38,577.5500000000001,48.49571343403895
C472,Heavy Voice Users,Plan2,1190.93,1818,67,22.58,47,2,Plan9,970.7199999999998,220.21000000000026,18.490591386563462
C472,Heavy Voice Users,Plan2,1190.93,1818,67,22.58,47,3,Plan4,1029.06,161.87000000000012,13.591898768189575
C473,Heavy Voice Users,Plan6,2477.59,1728,32,22.8,211,1,Plan1,734.32,1743.27,70.36152067129751
C473,Heavy Voice Users,Plan6,2477.59,1728,32,22.8,211,2,Plan9,1015.04,1462.5500000000002,59.03115527589311
C473,Heavy Voice Users,Plan6,2477.59,1728,32,22.8,211,3,Plan4,1054.0000000000002,1423.59,57.45865942306838
C474,Heavy Voice Users,Plan7,702.31,816,310,7.21,8,1,Plan1,390.81,311.49999999999994,44.353633011063486
C474,Heavy Voice Users,Plan7,702.31,816,310,7.21,8,2,Plan9,501.96,200.34999999999997,28.52728851931483
C474,Heavy Voice Users,Plan7,702.31,816,310,7.21,8,3,Plan2,648.38,53.92999999999995,7.67894519514174
C475,Low Usage,Plan2,1837.9600000000003,336,151,42.34,20,1,Plan7,511.6,1326.3600000000001,72.16479139915994
C475,Low Usage,Plan2,1837.9600000000003,336,151,42.34,20,2,Plan1,850.82,987.1400000000002,53.70845937887658
C475,Low Usage,Plan2,1837.9600000000003,336,151,42.34,20,3,Plan10,1332.3000000000002,505.6600000000001,27.512024200744307
C476,Low Usage,Plan10,840.65,722,66,23.25,172,1,Plan1,712.09,128.55999999999995,15.292928091357872
C476,Low Usage,Plan10,840.65,722,66,23.25,172,2,Plan7,722.65,118.0,14.036757271159223
C476,Low Usage,Plan10,840.65,722,66,23.25,172,3,Plan9,812.89,27.75999999999999,3.3022066258252534
C477,Heavy Voice Users,Plan2,1054.64,1835,168,17.1,87,1,Plan1,570.94,483.70000000000005,45.86399150420996
C477,Heavy Voice Users,Plan2,1054.64,1835,168,17.1,87,2,Plan9,793.1500000000001,261.49,24.794242585147536
C477,Heavy Voice Users,Plan2,1054.64,1835,168,17.1,87,3,Plan4,992.8499999999999,61.79000000000019,5.85887127360997
C478,Balanced High Users,Plan7,724.5400000000001,207,337,4.31,292,1,Plan2,528.13,196.41000000000008,27.108234189968815
C478,Balanced High Users,Plan7,724.5400000000001,207,337,4.31,292,2,Plan10,536.24,188.30000000000007,25.988903304165405
C478,Balanced High Users,Plan7,724.5400000000001,207,337,4.31,292,3,Plan1,578.1099999999999,146.43000000000018,20.21006431666991
C479,Data-Heavy Users,Plan5,1806.12,1722,428,26.16,30,1,Plan1,742.68,1063.44,58.879808650588004
C479,Data-Heavy Users,Plan5,1806.12,1722,428,26.16,30,2,Plan9,1222.55,583.5699999999999,32.31069917834917
C479,Data-Heavy Users,Plan5,1806.12,1722,428,26.16,30,3,Plan4,1289.91,516.2099999999998,28.581157398179514
C480,Low Usage,Plan6,3921.82,1405,105,46.39,263,1,Plan1,1078.43,2843.3900000000003,72.50179763477162
C480,Low Usage,Plan6,3921.82,1405,105,46.39,263,2,Plan7,1210.27,2711.55,69.14009312003101
C480,Low Usage,Plan6,3921.82,1405,105,46.39,263,3,Plan4,1856.75,2065.07,52.65590975618463
C481,Data-Heavy Users,Plan10,1704.95,765,398,46.93,3,1,Plan7,725.11,979.84,57.47030704712748
C481,Data-Heavy Users,Plan10,1704.95,765,398,46.93,3,2,Plan1,970.4499999999999,734.5000000000001,43.08044224170797
C481,Data-Heavy Users,Plan10,1704.95,765,398,46.93,3,3,Plan10,1704.95,0.0,0.0
C482,Balanced High Users,Plan3,748.3699999999999,129,171,0.62,229,1,Plan1,463.88,284.4899999999999,38.01461843740395
C482,Balanced High Users,Plan3,748.3699999999999,129,171,0.62,229,2,Plan2,483.73,264.6399999999999,35.3621871534134
C482,Balanced High Users,Plan3,748.3699999999999,129,171,0.62,229,3,Plan10,506.63,241.7399999999999,32.30220345550997
C483,Data-Heavy Users,Plan2,1685.8,584,433,36.57,121,1,Plan7,708.5200000000001,977.2799999999999,57.9712895954443
C483,Data-Heavy Users,Plan2,1685.8,584,433,36.57,121,2,Plan1,947.33,738.4699999999999,43.80531498398386
C483,Data-Heavy Users,Plan2,1685.8,584,433,36.57,121,3,Plan10,1271.3,414.5,24.587732827144382
C484,Low Usage,Plan4,1137.32,1210,120,27.66,233,1,Plan1,813.3399999999999,323.98,28.486265958569273
C484,Low Usage,Plan4,1137.32,1210,120,27.66,233,2,Plan7,1068.52,68.79999999999995,6.049308901628385
C484,Low Usage,Plan4,1137.32,1210,120,27.66,233,3,Plan4,1137.32,0.0,0.0
C485,Low Usage,Plan9,1671.1,891,208,34.04,246,1,Plan7,875.74,795.3599999999999,47.59499730716294
C485,Low Usage,Plan9,1671.1,891,208,34.04,246,2,Plan1,905.64,765.4599999999999,45.80575668721201
C485,Low Usage,Plan9,1671.1,891,208,34.04,246,3,Plan4,1335.3399999999997,335.7600000000002,20.092154868050997
C486,Heavy Voice Users,Plan9,624.0600000000001,1407,76,2.74,58,1,Plan1,363.38,260.68000000000006,41.77162452328302
C486,Heavy Voice Users,Plan9,624.0600000000001,1407,76,2.74,58,2,Plan9,624.0600000000001,0.0,0.0
C486,Heavy Voice Users,Plan9,624.0600000000001,1407,76,2.74,58,3,Plan5,632.2,-8.139999999999986,-1.3043617600871689
C487,Heavy Voice Users,Plan1,450.91999999999996,1859,77,0.56,211,1,Plan1,450.91999999999996,0.0,0.0
C487,Heavy Voice Users,Plan1,450.91999999999996,1859,77,0.56,211,2,Plan9,847.9099999999999,-396.9899999999999,-88.0400070966025
C487,Heavy Voice Users,Plan1,450.91999999999996,1859,77,0.56,211,3,Plan8,848.18,-397.26,-88.09988468020936
C488,Balanced High Users,Plan4,812.82,829,211,12.18,228,1,Plan9,583.36,229.46000000000004,28.23011244802047
C488,Balanced High Users,Plan4,812.82,829,211,12.18,228,2,Plan1,608.5,204.32000000000005,25.137176742698266
C488,Balanced High Users,Plan4,812.82,829,211,12.18,228,3,Plan2,734.59,78.23000000000002,9.62451711326001
C489,Heavy Voice Users,Plan1,617.7400000000001,234,132,24.3,22,1,Plan7,512.86,104.88000000000011,16.97801664130542
C489,Heavy Voice Users,Plan1,617.7400000000001,234,132,24.3,22,2,Plan10,581.74,36.000000000000114,5.827694499303932
C489,Heavy Voice Users,Plan1,617.7400000000001,234,132,24.3,22,3,Plan1,617.7400000000001,0.0,0.0
C490,Moderate Users,Plan7,1247.44,1456,223,21.28,271,1,Plan1,757.76,489.68000000000006,39.25479381773873
C490,Moderate Users,Plan7,1247.44,1456,223,21.28,271,2,Plan9,819.5600000000001,427.88,34.30064772654396
C490,Moderate Users,Plan7,1247.44,1456,223,21.28,271,3,Plan4,1018.2800000000001,229.15999999999997,18.370422625537095
C491,Low Usage,Plan9,1934.1800000000003,517,131,37.99,135,1,Plan7,584.05,1350.1300000000003,69.80374112026803
C491,Low Usage,Plan9,1934.1800000000003,517,131,37.99,135,2,Plan1,877.07,1057.1100000000001,54.654168691641935
C491,Low Usage,Plan9,1934.1800000000003,517,131,37.99,135,3,Plan10,1301.7700000000002,632.4100000000001,32.69654323796131
C492,Moderate Users,Plan7,1170.58,1319,213,25.49,286,1,Plan1,823.29,347.28999999999996,29.668198670744417
C492,Moderate Users,Plan7,1170.58,1319,213,25.49,286,2,Plan9,1098.59,71.99000000000001,6.149942763416427
C492,Moderate Users,Plan7,1170.58,1319,213,25.49,286,3,Plan4,1137.3799999999999,33.200000000000045,2.83620085769448
C493,Balanced High Users,Plan3,1163.9699999999998,492,55,17.55,258,1,Plan9,594.46,569.5099999999998,48.928236982052795
C493,Balanced High Users,Plan3,1163.9699999999998,492,55,17.55,258,2,Plan2,621.0,542.9699999999998,46.648109487357914
C493,Balanced High Users,Plan3,1163.9699999999998,492,55,17.55,258,3,Plan10,646.22,517.7499999999998,44.48138697732758
C494,Data-Heavy Users,Plan10,589.35,623,434,10.0,6,1,Plan1,519.88,69.47000000000003,11.787562568931879
C494,Data-Heavy Users,Plan10,589.35,623,434,10.0,6,2,Plan9,520.94,68.40999999999997,11.607703402053103
C494,Data-Heavy Users,Plan10,589.35,623,434,10.0,6,3,Plan10,589.35,0.0,0.0
C495,Low Usage,Plan3,1687.6599999999999,421,36,32.8,154,1,Plan7,596.02,1091.6399999999999,64.68364480997357
C495,Low Usage,Plan3,1687.6599999999999,421,36,32.8,154,2,Plan1,823.28,864.3799999999999,51.21766232534989
C495,Low Usage,Plan3,1687.6599999999999,421,36,32.8,154,3,Plan10,1063.1699999999998,624.49,37.00330635317541
C496,Heavy Voice Users,Plan9,1492.0,1357,229,31.32,98,1,Plan1,763.72,728.28,48.81233243967828
C496,Heavy Voice Users,Plan9,1492.0,1357,229,31.32,98,2,Plan7,1076.08,415.9200000000001,27.87667560321716
C496,Heavy Voice Users,Plan9,1492.0,1357,229,31.32,98,3,Plan4,1319.8,172.20000000000005,11.541554959785525
C497,Low Usage,Plan2,2456.4599999999996,1632,158,44.4,56,1,Plan1,903.52,1552.9399999999996,63.218615405909304
C497,Low Usage,Plan2,2456.4599999999996,1632,158,44.4,56,2,Plan7,1222.8700000000001,1233.5899999999995,50.218200174234454
C497,Low Usage,Plan2,2456.4599999999996,1632,158,44.4,56,3,Plan4,1813.0300000000002,643.4299999999994,26.19338397531405
C498,Heavy Voice Users,Plan10,596.4,554,45,8.73,90,1,Plan1,464.29,132.10999999999996,22.151240778001334
C498,Heavy Voice Users,Plan10,596.4,554,45,8.73,90,2,Plan9,532.3,64.10000000000002,10.747820254862512
C498,Heavy Voice Users,Plan10,596.4,554,45,8.73,90,3,Plan7,565.15,31.25,5.239771965124078
C499,Moderate Users,Plan3,2586.6599999999994,1507,307,40.87,262,1,Plan1,1008.9899999999999,1577.6699999999996,60.99255410452089
C499,Moderate Users,Plan3,2586.6599999999994,1507,307,40.87,262,2,Plan7,1295.68,1290.9799999999993,49.90914925038466
C499,Moderate Users,Plan3,2586.6599999999994,1507,307,40.87,262,3,Plan4,1770.14,816.5199999999993,31.566576202515968
C500,Low Usage,Plan3,2485.4,1095,161,46.21,196,1,Plan7,972.76,1512.64,60.86102840589041
C500,Low Usage,Plan3,2485.4,1095,161,46.21,196,2,Plan1,1027.85,1457.5500000000002,58.64448378530619
C500,Low Usage,Plan3,2485.4,1095,161,46.21,196,3,Plan4,1788.2,697.2,28.051822644242375
